title,city/area,block/sector,bedroom,bathroom,sqrtFeet,price
Your Perfect Urban Home Awaits: Spacious 1090 Sq. Ft. Flat in Uttara Sector 11, Uttara,Sector 11,2,2,920.0,3300000.0
"Experience Modern Comfort, Rent a Spacious 1650 Sq. Ft. Flat in Bashundhara R/A", Bashundhara R-A,Block B,3,3,1275.0,8500000.0
Suitable 1250 Sq Ft Residential Apartment Available for Rent in Mohammadpur, Mohammadpur,Baitul Aman Housing,3,3,2290.0,22500000.0
Standard 1300 Square feet Apartment Available For Rent in Mohammadpur, Mohammadpur,Baitul Aman Housing,3,3,1135.0,7500000.0
1300 Sq Ft Flat Is Ready For Rent In West Dhanmondi, Dhanmondi,West Dhanmondi,3,4,1600.0,14000000.0
"Divine 2430 Sq Ft Apartment Is Up For Rent In Gulshan 1, Near The Gulshan Dcc Market.", Gulshan,Gulshan 1,3,3,2200.0,25000000.0
A Great residence for renting purposes with a space of 1050 SQ FT is available in Kal..., Mirpur,Kallyanpur,3,3,1380.0,9500000.0
"Make This 3000 Sq Feet Nice Flat Yours, By Renting It In Baridhara, Block K", Baridhara,Block K,4,4,1605.0,17000000.0
"4000 Sq Ft Residential Apartment For Rent In Baridhara, Block K", Baridhara,Block K,3,4,1420.0,10800000.0
Available Residential Apartment In Nikunja 2 Is Up For Rent., Nikunja,Nikunja 2,1,1,1282.0,8300000.0
"1650 Sq Ft Flat Available For Rent In The Great Area Of Bashundhara R-a, Block G", Bashundhara R-A,Block G,3,3,800.0,4360000.0
"View This 1400 Sq Ft Flat For Rent In Bashundhara R-a, Block I", Bashundhara R-A,Block I,3,3,1100.0,6500000.0
Offering You Well Constructed 900 Sq Ft Apartment To Rent In Mohammadpur, Mohammadpur,Tajmahal Road,3,2,1100.0,6500000.0
"View This 1400 Sq Ft Flat For Rent In Bashundhara R-a, Block I", Bashundhara R-A,Block I,3,3,800.0,4360000.0
2200 Sq Ft Amazing Flat For Rent In Uttara-4, Uttara,Sector 4,3,4,1108.0,5500000.0
"1650 Sq Ft Flat Available For Rent In The Great Area Of Bashundhara R-a, Block G", Bashundhara R-A,Block G,3,3,1695.0,13500000.0
Offering You Well Constructed 900 Sq Ft Apartment To Rent In Mohammadpur, Mohammadpur,Tajmahal Road,3,2,1500.0,8250000.0
Available Residential Apartment In Nikunja 2 Is Up For Rent., Nikunja,Nikunja 2,1,1,1200.0,6000000.0
"2200 Square Feet Apartment Of The Finest Quality Is Up For Rent In Mohammadpur, Babar...", Mohammadpur,Babar Road,3,4,2200.0,21000000.0
Property In Narinda Beside To Shaheed Jame Masjid – 1450 Sq Ft Flat For Rent, Sutrapur,Narinda,3,3,970.0,4000000.0
"Choose your destination, 1200 SQ FT flat which is available for rent in Mohammadpur n...", Mohammadpur,Humayun Road,3,2,1331.0,9500000.0
"To Reside In A Beautiful Flat, Visit This Nice Apartment In Mohammadpur", Mohammadpur,Tajmahal Road,2,2,1422.0,9811800.0
Modest 1180 Sq Ft Residential Apartment For Rent In Shyamoli, Shyamoli,Road No 2,3,4,1100.0,6200000.0
900 Square Feet Apartment For Rent In tajmahal Road, Mohammadpur,Tajmahal Road,3,2,1600.0,12000000.0
Elegant Flat Of 2200 Sft Is For Rent In Bashundhara Nearby North South University, Bashundhara R-A,Block B,3,4,1650.0,9500000.0
"1200 Sq Ft Flat Is Now For Rent In Wazuddin Road, Badda", Badda,Vatara,3,2,1650.0,13500000.0
"Sophisticated Style! This 2000 Sq Ft Flat For Rent In Sector 6, Uttara Is All About I...", Uttara,Sector 6,3,4,1250.0,6000000.0
1510 Sq Ft Flat With 3 Bedrooms For Rent In Bashundhara R-a, Bashundhara R-A,Block E,3,3,880.0,4400000.0
For Rental Purpose 1500 Sq Ft Flat Is Now Up To Rent In Agargaon,,Agargaon,3,3,1100.0,5500000.0
Have A Look At This 1000 Sq Ft Property Which Is Up For Rent Located At Middle Badda, Badda,Middle Badda,3,2,1350.0,8500000.0
Delightful 6800 Sq Ft Ready Semi Furnished Apartment For Rent In Gulshan 2, Gulshan,Gulshan 2,4,4,1667.0,22500000.0
Suitable 1100 SFT Apartment For Rent In Uttara 14, Uttara,Sector 14,3,2,1195.0,14000000.0
"Live In Excellence – 3 Bedroom Flat For Rent In Block E, Aftabnagar", Aftab Nagar,Block E,3,3,2200.0,22000000.0
Unfurnished | Cozy Apartment | Best Layout, Bashundhara R-A,Block L,3,3,1125.0,5925000.0
1150 Sq Ft Flat For Rent In Bashundhara R-a, Bashundhara R-A,Block L,3,3,1125.0,5925000.0
A Beautifully Constructed Apartment Of 1755 Sq Ft Is Vacant Right Now For Rent In Blo..., Aftab Nagar,Block E,3,3,650.0,3500000.0
1650 Sq Ft Amazing Flat For Rent In Maghbazar, Maghbazar,Outer Circular Road,3,4,1040.0,6500000.0
Reside In This 1300 Sq Ft Apartment Available For Rent In Mid Badda, Badda,Middle Badda,3,3,1300.0,5000000.0
"1100 Sq Ft Apartment For Rent In Banasree, Block G", Banasree,Block G,3,2,1300.0,5000000.0
"Make this 1350 SQ FT home your next residing location, which is up to Rent in West Ag...", Agargaon,West Agargaon,3,3,650.0,3000000.0
You Will Be Thankful For The Peaceful Atmosphere This Flat Of 2270 Sq Ft Is Going To ..., Bashundhara R-A,Block D,3,4,1120.0,5040000.0
Visit This 700 Sq Ft Rentable Property To Make It Your New Home In West Kafrul, Taltola,West Kafrul,2,2,1750.0,19200000.0
"Plan To Move In This 1150 Sq Ft Flat Which Is For Rent In Block L, Bashundhara R/A", Bashundhara R-A,Block L,3,3,1750.0,19200000.0
Spectacular 2750 Sq Ft Apartment For Rent In Gulshan, Gulshan,Gulshan 2,4,4,2700.0,67500000.0
Remarkable 2750 Sq Ft Ready Apartment For Rent In Gulshan 2, Gulshan,Gulshan 2,4,4,2700.0,67500000.0
"Reside Conveniently In This Well Constructed 1800 Sq Ft Flat For Rent In Sector 6, Ut...", Uttara,Sector 6,3,3,2440.0,25400000.0
"In Block E, Section 1, Mirpur With Satisfactory Price, A Flat Of 500 Sq Ft Is For Ren...", Mirpur,Section 1,2,1,1609.0,12800000.0
"You’re At The Right Place When You’re Here – 1050 Sq Ft Flat For Rent In Block B, Ban...", Banasree,Block B,3,2,1150.0,7000000.0
"Create Your New Home In A Nice Flat Of 2000 SFT For Rent In Bashundhara, Near Apollo ...", Bashundhara R-A,Block A,3,4,770.0,4000000.0
Commodious 1600 Sq Ft Apartment For Rent In Uttara, Uttara,Sector 14,3,3,1200.0,7700000.0
"1100 Square Feet Perfect Apartment For Rent In Mohammadpur, Pc Culture Housing", Mohammadpur,PC Culture Housing,3,2,1425.0,11500000.0
Tastefully Designed This 2100 Sq. Ft Apartment Is Now Vacant For Rent In Gulshan 2, Gulshan,Gulshan 2,3,3,2280.0,25000000.0
"Get Comfortable In A 2250 Sq Ft Flat For Rent In Bashundhara R/a, Near North South Un...", Bashundhara R-A,Block D,4,4,800.0,4000000.0
Suitable 1400 Sq Ft Apartment Is Ready To Rent In Aftab Nagar, Aftab Nagar,Block F,3,3,1700.0,18500000.0
Standard 1500 Sq Ft Apartment Is Ready To Rent In Aftab Nagar, Aftab Nagar,Block E,3,3,1000.0,5500000.0
Standard 1450 Sq Ft Apartment For Rent In Aftab Nagar, Aftab Nagar,Block E,3,3,1155.0,7000000.0
"Reside At Ease, In This 1325 Sq Ft Flat For Rent In Naya Paltan", Motijheel,Naya Paltan,3,3,1550.0,8600000.0
1750 Sq Ft Flat With 3 Bedrooms For Rent In Uttara-10, Uttara,Sector 10,3,3,930.0,5200000.0
1750 Sq Ft Flat For Rent In Uttara-10, Uttara,Sector 10,3,3,850.0,4000000.0
A Wonderful 1480 Sq Ft Flat Is For Rent In Bashundhara R-a, Bashundhara R-A,Block E,3,3,1200.0,5500000.0
"4 Bedroom Residential Apartment For Rent In Block D, Bashundhara R/A", Bashundhara R-A,Block D,4,4,1200.0,5500000.0
"Looking For A Perfect Family Home To Rent In Banasree, Check This 1700 Sq Ft Well Fea...", Banasree,Block E,4,4,1200.0,5500000.0
1300 Sq Ft Great Flat With A Nice View Is For Rent In Baridhara Dohs, Baridhara DOHS,Road No 2,3,2,1300.0,7000000.0
A Substantial Apartment Of 1200 Sq Ft Is Vacant For Rent In Vatara, Badda,Vatara,3,2,1500.0,9000000.0
1200 Sq Ft Apartment Is For Rent In Mirpur-1, Mirpur,Section 1,3,3,1530.0,10700000.0
"Deal With This 1000 Sq Ft Apartment Ready For Rent In Aftab Nagar, Block E", Aftab Nagar,Block E,3,2,1200.0,6000000.0
"Grab This 1050 Sq Ft Beautiful Flat Is Vacant For Rent In Middle Paikpara, Mirpur", Mirpur,Middle Paikpara,3,2,1250.0,7000000.0
"At Uttara 11, 1800 Square Feet Flat For Rent Close To Police Station", Uttara,Sector 11,3,4,1200.0,6350000.0
4350 Square Feet Full Furnished Apartment For Rent In Gulshan 1, Gulshan,Gulshan 1,4,4,1280.0,5000000.0
"4000 Sq Ft Spacious Apartment For Rent In Baridhara, Block K", Baridhara,Block K,4,4,1430.0,8580000.0
"2800 Sq Ft Full Furnished Apartment With Standard And Modern Fittings, Is Up For Rent...", Gulshan,Gulshan 2,3,3,850.0,7000000.0
Deal With This 1690 Sq Ft Flat For Rent In Tejgaon, Tejgaon,Tejkunipara,3,3,1295.0,6500000.0
Your Desired Large 3 Bedroom Apartment Is For Rent In Bashundhara R-a Near Apollo Hos..., Bashundhara R-A,Block A,3,4,1300.0,8400000.0
2880 SFT Ready Apartment For Rent In Baridhara Block K ., Baridhara,Block K,3,3,1400.0,6000000.0
"Deal With This 1400 Sq Ft Apartment Ready For Rent In Aftab Nagar, Block F", Aftab Nagar,Block F,3,3,1250.0,5000000.0
Standard 1400 Sq Ft Apartment Is Ready To Rent In Aftab Nagar, Aftab Nagar,Block F,3,3,1450.0,9425000.0
Modest 1100 Sq Ft Apartment For Rent In Banasree, Banasree,Block G,3,2,1400.0,8140000.0
1100 Square Feet Residential Flat For Rent In Uttar Badda, Badda,Uttar Badda,3,3,1200.0,6600000.0
Vacant Now | Three Bedrooms Apartment | Ready To Rent In Banasree, Banasree,Block F,3,3,1100.0,9000000.0
"Take This Nice 1200 Sq Ft Full Furnished Apartment In Bashundhara R-a, To Fulfill You...", Bashundhara R-A,Block D,2,2,650.0,2400000.0
Attention Home Finders! A 750 Sq.ft-2 Bedroom Flat Is Up For Rent At Pc Culture Housi..., Mohammadpur,PC Culture Housing,2,2,650.0,3300000.0
Offering You A 1370 sq ft nice Flat For Rent In Sjahjadpur, Badda,Shahjadpur,3,3,1100.0,4200000.0
"In The Location Of Bashundhara , 3 Bedroom Apartment Is Up To Rent Near Oxford Founda...", Bashundhara R-A,Block D,3,3,925.0,5600000.0
To Get A Trouble Free Life You Can Take Rent This 2450 Sq Ft Full Furnished House In ..., Bashundhara R-A,Block J,3,3,1236.0,7000000.0
Affordable And Beautiful Flat Is Up For Rent In Uttara Which Is 1500 Sq Ft, Uttara,Sector 10,3,3,1654.0,8500000.0
A Rightly Planned Furnished Flat Is Found For Rent In Bashundhara Nearby Bashundhara ..., Bashundhara R-A,Block I,3,4,1400.0,6000000.0
"1450 Sq Ft Apartment Is Ready For Rent In Aftab Nagar, Block F", Aftab Nagar,Block F,3,3,1796.0,14000000.0
Live In This 1200 Sq Ft Full-furnished Flat For Rent In Uttara-14, Uttara,Sector 14,2,2,1600.0,9500000.0
1750 Square Feet Flat Is Ready For Rent In Uttara 9, Uttara,Sector 9,3,3,1560.0,10000000.0
"Reasonable 1508 Sq Ft Flat Is Available For Rent In Bashundhara R-a, Block H", Bashundhara R-A,Block H,3,3,1370.0,8500000.0
A Fine 1100 Sq Ft Flat Is Now For Rent Which Is In Badda,,Badda,2,2,860.0,5590000.0
"Lovely Apartment Of 1400 Sq Ft Is Up For Rent In Circular Road, Dhanmondi", Dhanmondi,Circular Road,3,4,1133.0,6231500.0
1250 Sq Ft Apartment For Rent In Kallyanpur With All Facilities, Mirpur,Kallyanpur,3,2,1200.0,6000000.0
A Convenient And Well-constructed 3100 Sq.ft Flat Is For Rent At Gulshan 1., Gulshan,Gulshan 1,3,4,1300.0,7000000.0
"2000 Sq Ft Modern Flat With Good Accommodations Is Up For Rent In Bashundhara R-a, Bl...", Bashundhara R-A,Block J,3,3,1200.0,5500000.0
"1300 Sq Ft Furnished Apartment For Rent Near North South University, In Bashundhara R...", Bashundhara R-A,Block D,3,3,1200.0,5500000.0
Pursue This 900 Square Feet Apartment Up For Rent In Mirpur, Mirpur,West Shewrapara,2,2,1200.0,5500000.0
"1300 Sq Ft Apartment For Rent In Shah Ali Bag, Mirpur", Mirpur,Section 1,3,2,1250.0,7000000.0
"1200 Sq Ft Amazing Apartment Is For Rent In Mirpur, Kallyanpur", Mirpur,Kallyanpur,3,3,1200.0,6350000.0
Reasonable 1640 Square Feet Apartment For Rent In Old Eskaton, Eskaton,Old Eskaton,3,3,1530.0,10700000.0
"1200 Sq Ft Perfect Apartment Is For Rent In Mirpur, Darussalam", Mirpur,Darussalam,3,3,1500.0,9000000.0
3500 Sq Ft Full Furnished Flat For Rent In Gulshan 2, Gulshan,Gulshan 2,4,5,2802.0,42000000.0
Luxurious Living in Baridhara | Spacious 4-Bedroom Apartment for Rent, Baridhara,Road No 4,4,4,350.0,5500000.0
Best Location In Baridhara | Spacious And Bright 4 Bed Apt. | For Rent, Baridhara,Road No 4,4,4,1500.0,25000000.0
Elegant 4-bedroom 4000 Sq Ft Apartment For Rent In Baridhara, Baridhara,Road No 4,4,4,1220.0,16300000.0
"1750 Square Feet Pleasant Apartment For Rent In Mohammadpur, Gajanabi Road", Mohammadpur,Gajanabi Road,3,4,1280.0,5000000.0
Kallyanpur Is Offering A 1285 Sq Ft Flat For Rent To Pick It For Your Next Home., Mirpur,Kallyanpur,3,3,1430.0,8580000.0
A 850 Sq Ft Flat Is Up For Rent In A Well Secured Location Of North Pirerbag, Mirpur,Pirerbag,2,2,1295.0,6500000.0
"We Are Delighted To Offer This Stunning 1250 Sq Ft Apartment For Rent, Located In Nob...", Mohammadpur,Nobodoy Housing Society,3,3,850.0,7000000.0
See This 4200 Sq Ft Apartment For Rent Is All Set For You In Gulshan 2, Gulshan,Gulshan 2,5,5,1300.0,8400000.0
Apartment For Rent In Gulshan Nearby United Hospital And Russian Embassy, Gulshan,Gulshan 2,4,4,650.0,3000000.0
Reasonable 1400 Sq Ft Flat For Rent In Mohammadpur, Mohammadpur,Mohammadi Housing LTD.,3,2,2475.0,23500000.0
"1350 Sq Ft Flat Is Up For Rent In Mohammadpur, Tajmahal Road", Mohammadpur,Tajmahal Road,3,3,2500.0,65000000.0
2290 Sq Ft Nice Apartment For Rent In Uttara-12, Uttara,Sector 12,3,4,1256.0,6500000.0
"1250 Sq Ft Residential Apartment For Rent In Borobag, Mirpur", Mirpur,Section 2,3,3,690.0,3000000.0
Deal With This 1250 Sq Ft Apartment Ready To Rent In Mirpur-12, Mirpur,Section 12,3,3,1260.0,7000000.0
Property For Rent In Banasree – 1150 Sq Ft Apartment, Banasree,Block M,3,2,1275.0,7200000.0
Appealing Property In Banasree – 1150 Sq Ft Flat For Rent, Banasree,Block M,3,2,2650.0,21000000.0
"1100 Sq Ft Apartment For Rent In Shyamoli, Mohonpur Road", Shyamoli,Mohonpur Road,3,3,2700.0,26500000.0
2000 Sq.ft Spacious Apartment Is Up For Rent In Gulshan 2, Gulshan,Gulshan 2,3,3,1800.0,9000000.0
"1050 Sq Ft Wonderful Apartment Is Ready For Rent In Mirpur, Ahmed Nagar", Mirpur,Ahmed Nagar,3,3,600.0,2000000.0
1850 Square Feet Full Furnished Apartment Is Ready For Rent In Uttara-11, Uttara,Sector 11,3,4,930.0,3900000.0
"A 1350 Sq Ft Residence For Rent With Spacious Bedrooms, Located At Boro Maghbazar", Maghbazar,Boro Maghbazar,3,3,650.0,2400000.0
Prominent 2800 Square Feet Semi-furnished Apartment For Rent In Banani, Banani,Road No 20,4,4,1850.0,9800000.0
We Got A 2190 Sq Ft Flat For Rent In This Uttara-12 Area Which Is Very Affordable And..., Uttara,Sector 12,3,4,1470.0,7800000.0
"Great Location! Check Out This 2385 Sq Ft Flat For Rent In Sector 12, Uttara", Uttara,Sector 12,4,4,1396.0,9674000.0
A Well Sized 1200 Sq Ft Residential Home Is Available For Rent At Shyamoli, Shyamoli,Dhaka Housing Main Road,3,3,2415.0,25500000.0
2350 Sq Ft Road Sided Furnished Apartment For Rent In Gulshan, Gulshan,Gulshan 1,3,3,1463.0,5852000.0
At Banani Nice Flat Up For Rent Near Banani Police Station, Banani,Road No 7B,3,4,780.0,2730000.0
2200 Sq Ft Apartment For Rent Is Located On Gulshan Near To Scholastica School Gulsha..., Gulshan,Gulshan 2,3,4,1200.0,5400000.0
Live In This 1950 Square Feet Apartment For Rent In Old Eskaton, Eskaton,Old Eskaton,3,4,1200.0,5400000.0
Notable 1600 Sq Ft Ready Apartment For Rent In Aftab Nagar, Aftab Nagar,Block B,3,3,1100.0,4950000.0
Grab This 1500 Square Feet Apartment For Rent In Kalabagan, Kalabagan,Dolphin Goli Road,3,3,600.0,2880000.0
Splendid 3000 Square Feet Residential Apartment For Rent In Kalabagan, Kalabagan,Lake Circus Road,5,5,1500.0,12500000.0
"1050 Square Feet Apartment Is For Rent In Mirpur, Monipur", Mirpur,Monipur,3,2,1240.0,8060000.0
"Grab This 1450 Sq Ft Apartment For Rent In Banasree, South Banasree Project", Banasree,South Banasree Project,3,3,700.0,3500000.0
"Meet With A Fascinating 1500 Sq Ft Ready Flat For Rent In Block C, Lalmatia", Lalmatia,Block C,3,3,1065.0,6000000.0
Use Your Time Perfectly To Take This 2000 Sq Ft Apartment For Rent In Baridhara, Baridhara,Block J,3,4,600.0,2600000.0
Take A Look At This 1200 Sq Ft Flat To Rent In Rampura, Rampura,East Rampura,3,3,1050.0,5500000.0
Grab This 950 Sq Ft Full Furnished Apartment For Rent In Uttara-9, Uttara,Sector 9,3,2,1310.0,9200000.0
An Apartments Of 2900 Sq Ft Is Available For Rent In The Most Prime Location Of Gulsh..., Gulshan,Gulshan 2,4,4,1020.0,5000000.0
Pursue This 1654 Sq Ft Apartment For Rent In Uttara-18, Uttara,Sector 18,3,4,1220.0,9500000.0
Fairly Large Apartment Of 2300 Sq Ft Is Ready For Rent In Gulshan 2, Gulshan,Gulshan 2,3,3,650.0,2800000.0
Be The Dweller Of This Beautiful 1200 Sq Ft Residential Property Vacant For Rent At M..., Mohammadpur,PC Culture Housing,3,3,1310.0,12000000.0
A Nicely Built 1100 Sq Ft 3 Bedroom Apartment Is Available For Rent In Tolarbag, Mirpur,Section 1,3,3,1310.0,9825000.0
A Nice Soundless Apartment For Rent In Mohammadi Housing Ltd., Mohammadpur,Mohammadi Housing LTD.,3,4,650.0,2800000.0
"900 Sq Ft Flat For Rent In West Shewrapara, Near To Baitul Arafa Masjid", Mirpur,West Shewrapara,2,2,765.0,5207500.0
Rarely Available A Spacious Apartment Is Up For Rent At Adabor Nearby Crest Internati..., Adabor,Baitul Aman Housing Society,3,3,895.0,5500000.0
Visit This Apartment For Rent In Bashundhara R-A Near Sunflower School And College, Bashundhara R-A,Block C,3,4,1465.0,8600000.0
2500 Square Feet Amazing Home Is Up For Rent In Uttara Near To Lubana General Hospita..., Uttara,Sector 13,3,4,1400.0,6300000.0
"Have A Look At This 1950 Sq Ft Flat For Rent Near By Radical Hospital In Uttara, Sect...", Uttara,Sector 12,3,4,1400.0,6300000.0
Suitable 1525 Square Feet Apartment Is Up For Rent In New Eskaton Road, Eskaton,New Eskaton Road,3,3,1400.0,8400000.0
Here Is A Beautiful Residence Of 1350 Sq Ft Waiting For Rent At Banasree, Banasree,Block E,3,3,1350.0,8125000.0
"1400 Sq Ft Apartment For Rent In Banasree, Block E", Banasree,Block E,3,3,1375.0,14550000.0
"Modest 1300 Sq Ft Apartment Is Available For Rent, Kallyanpur", Mirpur,Kallyanpur,3,3,850.0,3300000.0
Vacant Now | Three Bedrooms 1600 Sq Ft Apt. | Ready To Rent in Aftab Nagar, Aftab Nagar,Block H,3,3,1420.0,8200000.0
A Beautifully Constructed Apartment Of 1900 Sq Ft Is Vacant Right Now For Rent In She..., Hazaribag,Sher-E-Bangla Road,3,3,1475.0,15550000.0
Offering You 1250 Sq Ft Well-constructed Flat To Rent In Shukrabad, Dhanmondi,Shukrabad,3,2,2036.0,17000000.0
For Renting 1800 Square Feet Home Is Available In Aftab Nagar, Aftab Nagar,Block F,3,4,2200.0,22000000.0
"1400 Sq Feet Flat Is Ready To Grow Your Home Experience In Aftab Nagar , Block E", Aftab Nagar,Block E,3,3,1425.0,9975000.0
A Well Defined Flat Of 1250 Sq Ft In South Banasree Project Is Available For Rent, Banasree,South Banasree Project,3,3,900.0,6000000.0
West Rampura Offers You This Lovely Home Of 2 Bedroom Which Is Vacant Right Now For R..., Rampura,West Rampura,2,2,650.0,2200000.0
Exquisite Flat Of 1465 Sq Ft Is Ready For Rent In Shantinagar, Shantinagar,Peer Saheber Goli,3,3,665.0,3800000.0
Modern 1800 sq ft flat is up for rent in bashundhara r-a, Bashundhara R-A,Block G,3,4,1250.0,9500000.0
1600 Sq Ft Vacant Flat For Family Is Ready For Viewing At Lalmatia, Lalmatia,Block F,3,3,2050.0,19500000.0
"This 2500 Sq Ft Apartment Is Now Available And Vacant For Rent In Sector 6, Uttara", Uttara,Sector 6,3,3,1637.0,13400000.0
Appealing Property In Bashundhara R/A – 2410 Sq Ft Flat For Rent, Bashundhara R-A,Block A,3,4,1600.0,12000000.0
"Deal With This 1400 Sq Ft Apartment For Rent In Banasree, Block E", Banasree,Block E,3,3,1100.0,6050000.0
5500 Sq Ft Spacious Flat With Modern Home Fittings Is For Rent In Gulshan 2, Gulshan,Gulshan 2,5,5,1100.0,6050000.0
An Apartment Of 3500 Sq Ft Is Available For Rent In The Most Prime Location Of Gulsha..., Gulshan,Gulshan 1,4,4,1200.0,7000000.0
3000 Sq Ft Apartment For Rent In Gulshan 2, Baridhara,Block K,3,4,1150.0,5500000.0
Visit This Flat For Rent In Lalmatia Nearby Lalmatia Girls&#039; High School, Lalmatia,Block E,3,3,1115.0,12000000.0
Amazing Flat Of 1700 Sq Ft Is Up For Rent In Shyamoli, Shyamoli,Ring Road,3,3,1120.0,9950000.0
Wonderful Flat Of 1700 Sq Ft Is Available For Rent In Shyamoli, Shyamoli,Ring Road,3,3,1522.0,12176000.0
1600 Square Feet 3 Bed Apt. Is Ready To Rent In Kalabagan, Kalabagan,Lake Circus Road,3,3,2400.0,20000000.0
1900 Sq Ft Standard Flat Is Up For Rent In Lalmatia, Lalmatia,Block F,3,4,1500.0,11000000.0
Comfortable And Nicely Planned Flat In Kallyanpur For Rent Nearby Kallyanpur Shahi Ma..., Mirpur,Kallyanpur,4,3,1450.0,9500000.0
"Start A New Home, In This 1400 Sq Ft Apartment For Rent In Baitul Aman Housing Societ...", Adabor,Baitul Aman Housing Society,3,3,2000.0,11500000.0
An Apartment Of 1500 Square Feet For Rent Is All Set For You To Settle In Shyamoli, Shyamoli,Road No 2,3,3,1220.0,5000000.0
1175 Square Feet Apartment Is For Rent In Mirpur, Mirpur,Monipur,3,3,740.0,4000000.0
Avail The Lucrative Deal Of Renting This 1000 Sq Ft Apartment In West Dhanmondi, Dhanmondi,West Dhanmondi,2,3,1320.0,5000000.0
A Very Well-fitted Apartment Is Here Sited At Darussalam Featuring 1600 Sq Ft Space F..., Mirpur,Darussalam,3,3,1265.0,12650000.0
Grab This 700 Sq Ft Flat Up For rent In Mohammadpur Near Mohammadpur Girls&#039; High..., Mohammadpur,Nurjahan Road,2,2,2553.0,38000000.0
Check This Flat In Bashundhara R-a For Rent Which Is Ready To Move In, Bashundhara R-A,Block G,3,3,1590.0,11200000.0
Flat For Rent In Baridhara Block J Near High Commission Of Malaysia, Baridhara,Block J,3,4,800.0,8600000.0
"Beautiful and well-constructed 2000 SQ Ft apartment is ready for rent at Bashundhara,...", Bashundhara R-A,Block I,3,3,2000.0,21500000.0
2000 Square Feet Apartment For Rent In Gulshan 1, Gulshan,Gulshan 1,3,3,1505.0,13500000.0
"Get Comfortable In A 1650 Sq Ft Flat For Rent In Dhanmondi, Near Dhanmondi Club And C...", Dhanmondi,Road No 7A,3,3,2105.0,19500000.0
"Grab This 1860 Sq Ft Nice Flat, Which Is Vacant To In Banglamotors Area.", Banglamotors,Kazi Nazrul Islam Avenue,2,3,800.0,6650000.0
Ready To Rent | 1450 SFT Apartment | Well Maintained, Aftab Nagar,Block E,3,3,950.0,4000000.0
"Take This 1150 Sq Ft Apartment For Rent In Aftab Nagar, Block G", Aftab Nagar,Block G,3,3,1274.0,10500000.0
"Make This 1300 Sq Ft Flat Your Next Residing Location, Which Is Up For Rent In Mirpur", Mirpur,1st Colony,3,3,1410.0,13800000.0
Suitable 1096 Sq Ft Residential Apartment For Rent In Mirpur, Mirpur,1st Colony,3,3,1331.0,16000000.0
Modest 1442 Square Feet Apartment For Rent In Adabor, Adabor,Baitul Aman Housing Society,3,3,960.0,5600000.0
"2200 Sq Ft Flat With 3 Bedrooms For Rent In Uttara, Sector 6", Uttara,Sector 6,3,3,1090.0,10500000.0
1200 Square Feet Well-constructed Apartment Is Available In Adabor For Rental Purpose, Adabor,Baitul Aman Housing Society,3,3,650.0,3200000.0
1415 Sq Ft Fine Flat Is Now For Rent Which Is In Shyamoli Near To Shyamoli Square, Shyamoli,Road No 2,3,3,1076.0,11000000.0
"Reside conveniently in this well constructed 1380 SQ FT flat for rent in Uttara, near...", Uttara,Sector 10,3,4,1050.0,4725000.0
For rental purpose 1215 SQ FT flat is now up for rent in Bashundhara R/A close to Jam..., Bashundhara R-A,Block C,3,3,1330.0,7900000.0
See This 2000 Square Feet Apartment Is For Rent In Bashundhara R-a Near Apollo Hospit..., Bashundhara R-A,Block A,3,4,1300.0,8000000.0
Delightful 6800 Sq Ft Ready Semi Furnished Apartment For Rent In Gulshan 2, Gulshan,Gulshan 2,4,4,1040.0,6500000.0
Suitable 1100 SFT Apartment For Rent In Uttara 14, Uttara,Sector 14,3,2,1000.0,5500000.0
"Looking For A Perfect Family Home To Rent In Motijheel, Check This 1200 Sq Ft Well Fe...", Motijheel,Gopibag,3,3,1100.0,4620000.0
"Reside At Ease, In This 1325 Sq Ft Flat For Rent In Naya Paltan", Motijheel,Naya Paltan,3,3,1705.0,16900000.0
"Create Your New Home In A Nice Flat Of 2000 SFT For Rent In Bashundhara, Near Apollo ...", Bashundhara R-A,Block A,3,4,1960.0,39000000.0
Vacant Now | Three Bedrooms Apartment | Ready To Rent In Banasree, Banasree,Block F,3,3,2125.0,20000000.0
Elegant Flat Of 2200 Sft Is For Rent In Bashundhara Nearby North South University, Bashundhara R-A,Block B,3,4,1701.0,25200000.0
Visit This Apartment For Rent In Bashundhara R-A Near Sunflower School And College, Bashundhara R-A,Block C,3,4,1300.0,7800000.0
Rarely Available A Spacious Apartment Is Up For Rent At Adabor Nearby Crest Internati..., Adabor,Baitul Aman Housing Society,3,3,600.0,3450000.0
A Beautifully Constructed Apartment Of 1520 Sq Ft Is Vacant Right Now For Rent In Wes..., Agargaon,West Agargaon,3,3,1185.0,11000000.0
"Lovely Apartment Of 1400 Sq Ft Is Up For Rent In Circular Road, Dhanmondi", Dhanmondi,Circular Road,3,4,1610.0,13100000.0
1250 Sq Ft Apartment For Rent In Kallyanpur With All Facilities, Mirpur,Kallyanpur,3,2,2180.0,17500000.0
Affordable And Beautiful Flat Is Up For Rent In Uttara Which Is 1500 Sq Ft, Uttara,Sector 10,3,3,1500.0,21500000.0
Grab This 950 Sq Ft Full Furnished Apartment For Rent In Uttara-9, Uttara,Sector 9,3,2,1395.0,11300000.0
We Got A 2190 Sq Ft Flat For Rent In This Uttara-12 Area Which Is Very Affordable And..., Uttara,Sector 12,3,4,1550.0,13500000.0
"Great Location! Check Out This 2385 Sq Ft Flat For Rent In Sector 12, Uttara", Uttara,Sector 12,4,4,750.0,6200000.0
"2000 Sq Ft Modern Flat With Good Accommodations Is Up For Rent In Bashundhara R-a, Bl...", Bashundhara R-A,Block J,3,3,2343.0,22000000.0
Be The Dweller Of This Beautiful 1200 Sq Ft Residential Property Vacant For Rent At M..., Mohammadpur,PC Culture Housing,3,3,3355.0,39000000.0
A Convenient And Well-constructed 3100 Sq.ft Flat Is For Rent At Gulshan 1., Gulshan,Gulshan 1,3,4,1050.0,6200000.0
"1450 Sq Ft Apartment Is Ready For Rent In Aftab Nagar, Block F", Aftab Nagar,Block F,3,3,860.0,4900000.0
Best Location In Baridhara | Spacious And Bright 4 Bed Apt. | For Rent, Baridhara,Road No 4,4,4,1230.0,7400000.0
Elegant 4-bedroom 4000 Sq Ft Apartment For Rent In Baridhara, Baridhara,Road No 4,4,4,1250.0,7800000.0
Grab This Lovely Flat Of 1168 Sq Ft Is Up For Sale In West Agargaon Before It&amp;#03..., Agargaon,West Agargaon,3,2,1320.0,9130000.0
1750 Square Feet Flat Is Ready For Rent In Uttara 9, Uttara,Sector 9,3,3,1390.0,22500000.0
Prominent 2800 Square Feet Semi-furnished Apartment For Rent In Banani, Banani,Road No 20,4,4,2644.0,35000000.0
Pursue This 1654 Sq Ft Apartment For Rent In Uttara-18, Uttara,Sector 18,3,4,1383.0,10800000.0
Fairly Large Apartment Of 2300 Sq Ft Is Ready For Rent In Gulshan 2, Gulshan,Gulshan 2,3,3,1593.0,21500000.0
A Nice Soundless Apartment For Rent In Mohammadi Housing Ltd., Mohammadpur,Mohammadi Housing LTD.,3,4,2000.0,22000000.0
"Take This Nice 1200 Sq Ft Full Furnished Apartment In Bashundhara R-a, To Fulfill You...", Bashundhara R-A,Block D,2,2,1550.0,17000000.0
"Reasonable 1508 Sq Ft Flat Is Available For Rent In Bashundhara R-a, Block H", Bashundhara R-A,Block H,3,3,2000.0,20000000.0
Luxurious Living in Baridhara | Spacious 4-Bedroom Apartment for Rent, Baridhara,Road No 4,4,4,2200.0,16500000.0
This 1600 Sq Ft Well Defined Flat Is Now Vacant To Rent In Baitul Aman Housing Societ..., Adabor,Baitul Aman Housing Society,3,4,1400.0,6300000.0
A Very Well-fitted Apartment Is Here Sited At Aftab Nagar Featuring 1250 Sq Ft Space ..., Aftab Nagar,Block B,3,3,1235.0,11800000.0
"Make this 1350 SQ FT home your next residing location, which is up to Rent in West Ag...", Agargaon,West Agargaon,3,3,1100.0,4500000.0
You Will Be Thankful For The Peaceful Atmosphere This Flat Of 2270 Sq Ft Is Going To ..., Bashundhara R-A,Block D,3,4,1553.0,16500000.0
1200 Sq Ft Apartment Is For Rent In Mirpur-1, Mirpur,Section 1,3,3,750.0,5200000.0
A Relaxing 750 Sq Ft Residential Property Is Up For Rent At Nikunja 2, Nikunja,Nikunja 2,2,2,990.0,4800000.0
Visit This 700 Sq Ft Rentable Property To Make It Your New Home In West Kafrul, Taltola,West Kafrul,2,2,600.0,3000000.0
Deal With This 1690 Sq Ft Flat For Rent In Tejgaon, Tejgaon,Tejkunipara,3,3,1050.0,4800000.0
"In Block E, Section 1, Mirpur With Satisfactory Price, A Flat Of 500 Sq Ft Is For Ren...", Mirpur,Section 1,2,1,600.0,2600000.0
"Find 1400 Sq Ft Flat Available To Rent In Shahjadpur, Badda", Badda,Shahjadpur,3,3,1560.0,14000000.0
"4000 Sq Ft Spacious Apartment For Rent In Baridhara, Block K", Baridhara,Block K,4,4,1250.0,6500000.0
4350 Square Feet Full Furnished Apartment For Rent In Gulshan 1, Gulshan,Gulshan 1,4,4,1100.0,4500000.0
1750 Sq Ft Flat With 3 Bedrooms For Rent In Uttara-10, Uttara,Sector 10,3,3,1511.0,19643000.0
1750 Sq Ft Flat For Rent In Uttara-10, Uttara,Sector 10,3,3,1650.0,14500000.0
"2800 Sq Ft Full Furnished Apartment With Standard And Modern Fittings, Is Up For Rent...", Gulshan,Gulshan 2,3,3,945.0,6500000.0
Beautiful Flat Of 1250 Sq Ft Is Vacant Right Now For Rental Purpose In Dakkhin Paikpa..., Mirpur,Dakkhin Paikpara,3,3,1250.0,8500000.0
A Modern Well-planned Flat Of 1250 Sq Ft Is Up For Rent Is Situated In Dakkhin Paikpa..., Mirpur,Dakkhin Paikpara,3,3,1280.0,7000000.0
A Beautifully Constructed Apartment Of 1755 Sq Ft Is Vacant Right Now For Rent In Blo..., Aftab Nagar,Block E,3,3,1245.0,7100000.0
"You’re At The Right Place When You’re Here – 1050 Sq Ft Flat For Rent In Block B, Ban...", Banasree,Block B,3,2,1000.0,7300000.0
Suitable 1580 Sq Ft Residential Apartment For Rent In Tejkunipara, Tejgaon,Tejkunipara,3,4,1720.0,14000000.0
Deal With This 1750 Sq Ft Flat For Rent In Uttara-10, Uttara,Sector 10,3,3,1245.0,7300000.0
1510 Sq Ft Flat With 3 Bedrooms For Rent In Bashundhara R-a, Bashundhara R-A,Block E,3,3,1000.0,4500000.0
A Wonderful 1480 Sq Ft Flat Is For Rent In Bashundhara R-a, Bashundhara R-A,Block E,3,3,800.0,6950000.0
"1100 Square Feet Perfect Apartment For Rent In Mohammadpur, Pc Culture Housing", Mohammadpur,PC Culture Housing,3,2,1320.0,10000000.0
Fabulous 3900 Sq Ft Ready Apartment For Rent In Gulshan 2, Gulshan,Gulshan 2,4,5,945.0,6200000.0
Checkout This 3900 Sq Ft Apartment For Rent In Gulshan 2, Gulshan,Gulshan 2,4,5,820.0,6000000.0
Elite 1600 Square Feet Residential Apartment For Rent In Gulshan, Gulshan,Gulshan 2,3,3,1800.0,38000000.0
Excellent Flat Of 3500 Sq Ft Is All Set For Rent In The Fine Location Of Gulshan 2, Gulshan,Gulshan 2,5,5,1125.0,9700000.0
"Looking For A Perfect Family Home To Rent In Banasree, Check This 1700 Sq Ft Well Fea...", Banasree,Block E,4,4,1510.0,8200000.0
1300 Sq Ft Great Flat With A Nice View Is For Rent In Baridhara Dohs, Baridhara DOHS,Road No 2,3,2,2100.0,14000000.0
"In The Nice Location Of South Pirerbag, An Apartments Of 1000 Sq Ft Is Available For ...", Mirpur,Pirerbag,2,2,2375.0,22000000.0
An Apartment Of 1550 Sq. Ft For Rent Is All Set For You To Settle In West Kafrul Clos..., Taltola,West Kafrul,3,4,850.0,6000000.0
Tastefully Designed This 2100 Sq. Ft Apartment Is Now Vacant For Rent In Gulshan 2, Gulshan,Gulshan 2,3,3,1100.0,5200000.0
Spectacular 2750 Sq Ft Apartment For Rent In Gulshan, Gulshan,Gulshan 2,4,4,1350.0,13000000.0
Remarkable 2750 Sq Ft Ready Apartment For Rent In Gulshan 2, Gulshan,Gulshan 2,4,4,1050.0,4500000.0
"Grab This 1600 Sq Ft Modern Flat To Rent In Bashundhara R-a, Block E", Bashundhara R-A,Block E,3,3,2150.0,23500000.0
Vibrant 3800 SFT Ready Apartment For Rent In Baridhara, Baridhara,Block K,4,5,1802.0,16000000.0
Worthy 1100 SQ FT Residential Apartment is ready to Rent at Ashkona, Dakshin Khan,Ashkona,3,2,1330.0,19000000.0
"Have A Look At This 1500 Sq Ft Property Which Is Up For Rent Located At Block E, Bash...", Bashundhara R-A,Block E,3,3,2004.0,17500000.0
"Plan To Move In This 1150 Sq Ft Flat Which Is For Rent In Block L, Bashundhara R/A", Bashundhara R-A,Block L,3,3,1913.0,19700000.0
"Reside Conveniently In This Well Constructed 1800 Sq Ft Flat For Rent In Sector 6, Ut...", Uttara,Sector 6,3,3,1575.0,12200000.0
For Rental Purpose 1500 Sq Ft Flat Is Now Up To Rent In Agargaon,,Agargaon,3,3,1517.0,11000000.0
"4 Bedroom Residential Apartment For Rent In Block D, Bashundhara R/A", Bashundhara R-A,Block D,4,4,1450.0,8600000.0
Have A Look At This 1000 Sq Ft Property Which Is Up For Rent Located At Middle Badda, Badda,Middle Badda,3,2,1890.0,20000000.0
"At Uttara 11, 1800 Square Feet Flat For Rent Close To Police Station", Uttara,Sector 11,3,4,1500.0,13500000.0
Spacious 2750 Square Feet Apartment For Rent In Gulshan 1, Gulshan,Gulshan 1,3,3,1485.0,13200000.0
"Plan To Move In This 1250 Sq Ft Flat Which Is For Rent In Block D, Bashundhara R-A", Bashundhara R-A,Block D,3,3,1485.0,13200000.0
A Fascinating 1560 Sq Ft 3- Bedroom Apartment For Rent In Bashundhara Block H, Bashundhara R-A,Block H,3,3,1440.0,13000000.0
For Rental Purpose 900 Sq Ft Home Is Now Up To Rent In Uttara, Uttara,Sector 11,2,2,900.0,7000000.0
"Live In Excellence – 3 Bedroom Flat For Rent In Block E, Aftabnagar", Aftab Nagar,Block E,3,3,1100.0,7900000.0
Unfurnished | Cozy Apartment | Best Layout, Bashundhara R-A,Block L,3,3,1400.0,6300000.0
1150 Sq Ft Flat For Rent In Bashundhara R-a, Bashundhara R-A,Block L,3,3,1160.0,8000000.0
"Vast 3500 Sq Ft Flat Available For Rent In Bashundhara R-a, Block C", Bashundhara R-A,Block C,4,4,1000.0,4500000.0
1500 SQ FT flat is now for Rent which is in Uttara near to Welfare Association, Uttara,Sector 10,3,3,1100.0,4500000.0
Get comfortable in a 1450 SQ FT flat for rent in Bashundhara R-A, Bashundhara R-A,Block K,3,3,1250.0,12500000.0
"Grab This 1600 Sq Ft Flat Available For Rent In Bashundhara R-a, Block H", Bashundhara R-A,Block H,3,3,1100.0,5500000.0
"2500 Sq Ft Flat For Rent In Bashundhara R-A, Block J", Bashundhara R-A,Block J,3,4,1100.0,5300000.0
Excellent Semi Furnished Flat Of 5000 Sq Ft Is All Set For Rent In The Fine Location ..., Gulshan,Gulshan 2,4,4,1595.0,11232000.0
"Nice And Cozy This 2440 Sq. Ft. Flat For Rent Is Located At Gulshan 1, Near To Intern...", Gulshan,Gulshan 1,4,4,2550.0,34000000.0
A 1500 Sq Ft -3 Bedroom Flat Is Ready For Rent At Uttara-3., Uttara,Sector 3,3,3,950.0,5200000.0
"2088 Square Feet Apartment Of Good Quality Is For Rent In Mohammadpur, Iqbal Road", Mohammadpur,Iqbal Road,3,3,800.0,4445000.0
Grab This 1400 Sq Ft Apartment For Rent In Banasree, Banasree,Block G,3,3,656.0,2500000.0
"View This 1876 Sq Ft Flat Ready For Rent In Hazaribag, Shahjahan Sir Road", Hazaribag,Shahjahan Sir Road,4,3,1970.0,21000000.0
"2100 Sq Ft Flat For Rent In Bashundhara R-a, Block D", Bashundhara R-A,Block D,4,4,1450.0,12000000.0
"Looking For A Perfect Family Home To Rent In Adabor, Check This 3 Bedroom Residence", Adabor,Baitul Aman Housing Society,3,3,1350.0,12000000.0
Get Ready For Your Countless Peaceful Days By Renting This 1700 Sq Ft Flat At West Dh..., Dhanmondi,West Dhanmondi,3,3,680.0,4000000.0
Suitable For Family Living A 1318 Sq Ft Flat Is Available For Rent In South Banasree ..., Banasree,South Banasree Project,3,3,1872.0,13500000.0
"Well-fitted Apartment Is Here Sited At Bashundhara Block F, Featuring 2300 Sq Ft Spac...", Bashundhara R-A,Block F,4,4,1695.0,16500000.0
"Smartly Priced 2500 Sq Ft Flat, That You Should Check In Bashundhara R-a", Bashundhara R-A,Block H,4,4,1300.0,10500000.0
"Pursue This 1100 Sq Ft Semi-furnished Flat To Rent In Bashundhara R-a, Block A", Bashundhara R-A,Block A,3,2,1309.0,12000000.0
Take A Look To An Impressive Semi Furnished Flat Of 4000 Sq Ft For Rent Located At Bl..., Baridhara,Block K,4,4,1225.0,8000000.0
A Budget Friendly Lovely Residence Is Now Up For Rent In North Pirerbag Which Is 1300..., Mirpur,Pirerbag,3,3,1120.0,7500000.0
"2200 Sq Ft Full Furnished Apartment Is Available For Rent In Bashundhara R-a, Block D", Bashundhara R-A,Block D,3,3,1000.0,4500000.0
This Vacant Apartment Of 1802 Sq Ft Situated In Banani Is Up For Rent, Banani,Road No 13A,3,3,1553.0,9200000.0
Wonderful Flat Of 3850 Sq Ft Is Available For Rent In Gulshan 2, Gulshan,Gulshan 2,4,4,925.0,6800000.0
We Got A 1250 Sq Ft Flat For Rent In This Mohammadpur Area Which Is Very Affordable A..., Mohammadpur,Nobodoy Housing Society,3,3,1200.0,6000000.0
"1300 Square Feet Apartment Is Ready For Rent In Mirpur, Ahmed Nagar", Mirpur,Ahmed Nagar,3,3,1200.0,8950000.0
"Get Ready To Rent This Ideally Maintained 1800 Sq Ft Apartment Located In Block A, Ba...", Bashundhara R-A,Block A,3,3,970.0,4800000.0
3500 Sq Ft Flat Is Now Vacant To Rent In Baridhara, Baridhara,Block K,4,4,1100.0,6400000.0
Rent This Nicely Built 1450 Sq Ft Flat Available In Bashundhara R-a, Bashundhara R-A,Block K,3,3,1045.0,11000000.0
1250 Sq Ft Flat With 3 Bedrooms Is For Rent In Badda, Badda,Uttar Badda,3,2,1250.0,10800000.0
Ready To Rent | Well-maintained 1250 Sq ft Apartment In Badda, Badda,Uttar Badda,3,2,650.0,3200000.0
Prominent 2500 Square Feet Full Furnished Apartment For Rent In Gulshan 1, Gulshan,Gulshan 1,3,3,1015.0,6500000.0
1370 Sq Ft Brand New Flat For Rent In Mohammadpur, Mohammadpur,Mohammadia Housing Society,3,3,1850.0,16000000.0
Reside Conveniently In This Comfortable 3000 Sq.ft Flat For Rent At Baridhara - Block..., Baridhara,Block K,4,4,2105.0,19500000.0
"Baridhara Is Pleased To Offer You This Elegantly Designed 1700 Sq Ft Flat, For Rent", Baridhara,Block K,3,3,834.0,6800000.0
A very beautiful 1700 SQ FT residence is now available for rent in Baridhara, Baridhara,Block K,3,3,1250.0,5500000.0
Be the awaited occupant of 1700 SQ FT residential flat waiting to get rented at Barid..., Baridhara,Block K,3,3,955.0,5000000.0
Visit This Apartment For Rent In Uttara Near Uttara 11 Sector Park., Uttara,Sector 7,3,4,2140.0,16000000.0
Vibrant 5000 Sq Ft Semi Furnished Apartment For Rent In Baridhara, Baridhara,Block K,4,5,1410.0,7000000.0
Luxurious 5000 Sq Ft Ready Apartment For Rent In Baridhara, Baridhara,Block K,4,5,860.0,4500000.0
Budget-friendly 600 Sq Ft Residential Apartment For Rent In Sutrapur, Sutrapur,Luxmibazar,2,1,1254.0,5500000.0
Vast 5400 Sq Ft Ready Apartment For Rent In Gulshan 2, Gulshan,Gulshan 2,4,5,1350.0,7425000.0
5400 Sq Ft Apartment For Rent In Gulshan 2, Gulshan,Gulshan 2,4,5,1350.0,7425000.0
Offering You 1887 Sq Ft Apartment To Rent In Bashundhara R-A, Bashundhara R-A,Block A,3,4,1400.0,7000000.0
"1300 Square Feet Flat Is Up For Rent In Mohammadpur, Tajmahal Road", Mohammadpur,Tajmahal Road,3,3,1070.0,3800000.0
"Move In This 2800 Sq Ft Well Fitted Flat Which Is Located At Baridhara, For Rent", Baridhara,Block K,4,5,1250.0,9000000.0
Prominent 2800 Sq Ft Ready Apartment For Rent In Baridhara, Baridhara,Block K,3,3,780.0,3120000.0
Spacious 4300 Square Feet Residential Apartment For Rent In Gulshan 1, Gulshan,Gulshan 1,4,4,650.0,2200000.0
Adabor Is Offering You A 1500 Sq Ft Apartment For Rent, Adabor,Mansurabad Housing Society,3,3,650.0,2300000.0
A Perfect Flat Of 4200 Sq Ft For Living With Family Is Available For Rent At Banani D..., Banani DOHS,Road No 2,5,5,1703.0,8855600.0
A nicely constructed apartment of 1850 SQ FT can be found in Bashundhara R-A for rent, Bashundhara R-A,Block L,3,4,1050.0,5500000.0
1500 Sq Ft Lovely Flat For Rent In Baridhara Dohs, Baridhara DOHS,Road No 2,3,3,1332.0,5594400.0
Spacious Flat In A Serene Location | 1550 Sq Ft Home For Rent In Bashundhara R-a, Bashundhara R-A,Block H,3,3,1360.0,10000000.0
Spectacular 3500 Sq Ft Ready Apartment For Rent In Gulshan 2, Gulshan,Gulshan 2,4,4,1285.0,7788000.0
"1410 Sq Ft Nicely Planned Apartment Is Available For Rent In Shyamoli Housing, Mohamm...", Mohammadpur,Shekhertek,3,3,2350.0,50000000.0
Beautiful And Well-constructed 1145 Sq Ft Flat Is Ready To Rent At Mohammadpur, Mohammadpur,Mohammadi Housing LTD.,2,3,1300.0,5000000.0
4000 Sq Ft Ready Apartment For Rent In Baridhara, Baridhara,Block K,3,4,1485.0,8167000.0
"Close To Rajuk Uttara Model College, A 2900 Sq Ft Spacious Residential Apartment Is R...", Uttara,Sector 6,4,4,1390.0,7665000.0
"Checkout This Brand New Flat Of 2300 Sq Ft Up For Rent In Bashundhara R/a, Block D", Bashundhara R-A,Block D,4,4,1050.0,5500000.0
Pursue This 2300 Sq Ft Full Furnished Apartment For Rent In Baridhara, Baridhara,Block K,3,3,1451.0,7500000.0
Visit This 1500 Sq Ft Apartment For Rent In Uttara 14, Uttara,Sector 14,3,3,650.0,2700000.0
"In The Location Of Dhanmondi , 3-Bedroom Apartment Is Up To Rent", Dhanmondi,Road No 15A,3,3,1000.0,4500000.0
3600 Sq Ft Fabulous Apartment For Rent In Gulshan 2, Gulshan,Gulshan 2,4,4,1245.0,4500000.0
1200 Square Feet Apartment Is Up For Rent At Baitul Aman Housing Society Nearby Baitu..., Adabor,Baitul Aman Housing Society,3,3,1310.0,10000000.0
Create Your Home In A 1100 Sq Ft Apartment For Rent In Paikpara, Mirpur,Ahmed Nagar,3,3,1310.0,7205000.0
Comfortable And Well-designed Full Furnished Apartment Of 1950 Sq Ft In Uttara For Re..., Uttara,Sector 3,3,3,2100.0,23110000.0
To Get A Hassle Free Life You Can Take Rent This 2200 Sq Ft Flat In South Banasree Pr..., Banasree,South Banasree Project,4,3,800.0,4200000.0
"To Live A Secure Life You Can Take This 2300 Sq Ft Flat For Rent At West Rampura, Moh...", Rampura,West Rampura,5,5,1210.0,6000000.0
At Naya Paltan Nice Flat Up For Rent Near Islami Bank Specialized And General Hospita..., Motijheel,Naya Paltan,3,4,600.0,2600000.0
"Reside Conveniently In This Well Constructed 1250 Sq Ft Flat For Rent In Kallyanpur, ...", Mirpur,Kallyanpur,3,3,650.0,2600000.0
Get Ready To Rent This Admirably Managed 1500 Sq Ft Apartment Located In Pc Culture H..., Mohammadpur,PC Culture Housing,3,3,1100.0,5500000.0
"Let Us Show You This 4000 Sq Ft Apartment For Rent In Baridhara, Block K", Baridhara,Block K,4,4,2200.0,22000000.0
Modest 1250 Sq Ft Ready Apartment For Rent in Malibagh, Malibagh,Malibagh Chowdhury Para,3,3,1495.0,15750000.0
1250 Sq Ft Apartment For Rent In Malibagh With All Facilities, Malibagh,Malibagh Chowdhury Para,3,3,950.0,6000000.0
1250 Sq Ft Modern Apartment For Rent At Malibagh, Malibagh,Malibagh Chowdhury Para,3,3,1316.0,13500000.0
Vast 4300 Square Feet Apartment For Rent In Gulshan 1, Gulshan,Gulshan 1,4,4,1515.0,7800000.0
Spectacular 4300 Square Feet Apartment For Rent In Gulshan 1, Gulshan,Gulshan 1,4,4,1250.0,9500000.0
"When Location, And Convenience Is Your Priority This Rental Flat Of 4,300 Sq Ft Is Fo...", Gulshan,Gulshan 1,4,5,650.0,3000000.0
"An Apartment Is For Rent At Mirpur, Near Paikpara Central Jame Masjid", Mirpur,Middle Paikpara,3,3,1350.0,9500000.0
An Amazing 2700 Sq Ft Apartment Is For Rent In Gulshan 2, Gulshan,Gulshan 2,4,4,1125.0,4725000.0
Have A Look At This 850 Sq Ft Property Which Is Up For Rent Located At Pc Culture Hou..., Mohammadpur,PC Culture Housing,2,2,1350.0,9600000.0
"1600 Square Feet Apartment For Rent In Mohammadpur, Pc Culture Housing", Mohammadpur,PC Culture Housing,3,3,700.0,3500000.0
"Secure This 3000 Sq Ft Apartment For Rent In Baridhara, Block K", Baridhara,Block K,4,4,1240.0,8060000.0
Luxurious 4000 Sq Ft Ready Semi Furnished Apartment For Rent In Baridhara, Baridhara,Block K,4,4,1450.0,9425000.0
"Fully Furnished 3,600 Square Feet Apartment Ready For Rent In Baridhara", Baridhara,Block K,4,4,1356.0,7800000.0
2200 Sq Ft Apartment With 3 Bedrooms For Rent In Uttara-12, Uttara,Sector 12,3,4,2050.0,19500000.0
Extravagant 5000 Sq Ft Ready Semi Furnished Apartment For Rent In Gulshan 2, Gulshan,Gulshan 2,4,5,1400.0,7000000.0
Get Comfortable In A 1450 Sq Ft Nice Flat For Rent In Malibagh First Lane, Malibagh,Malibagh First Lane,3,3,1350.0,12000000.0
Remarkable Flat Of 3750 Sq Ft Is Up For Rent In Gulshan 2, Gulshan,Gulshan 2,4,4,1230.0,6400000.0
Amazing Flat Of 3750 Sq Ft Is Now Ready To Rent In Gulshan 2, Gulshan,Gulshan 2,4,4,1400.0,6500000.0
This Ready 2000 Square Feet Apartment Is Up For Rent At Uttara -6 ., Uttara,Sector 6,3,4,1611.0,15500000.0
Offering You Nice 1900 Sq Ft Apartment To Rent In Uttara, Uttara,Sector 10,3,4,1100.0,6050000.0
A Very Impressively Done 1700 Sq Ft Rental Residential Flat Is In The Center Of Barid..., Baridhara,Block K,3,3,1252.0,7000000.0
"Take Rent This 1500 Sq Ft Nice Flat For Living A Pleasant Life In Mazar Road, Mirpur", Mirpur,1st Colony,3,3,1050.0,5500000.0
2600 Sq Ft Spacious And Great Apartment For Rent In Mohakhali Dohs, Mohakhali DOHS,Road No 13,4,4,1276.0,4000000.0
"2088 Square Feet Apartment For Rent In The Great Location Of Mohammadpur, Iqbal Road", Mohammadpur,Iqbal Road,3,4,650.0,2100000.0
"Take This Nice 2150 Sq Ft Rental Apartment In Bashundhara R-A, Block C To Fulfill You...", Bashundhara R-A,Block C,3,3,650.0,2000000.0
"Notable 2,150 SFT Apartment for Rent in Bashundhara R-A", Bashundhara R-A,Block A,3,5,1000.0,4000000.0
"A Convenient 2450 Sq Ft Residential Flat Is Prepared To Be Rented At Sector 6, Uttara", Uttara,Sector 6,3,3,2900.0,35000000.0
"Available For Rental Purpose, This 1150 Sq Ft Apartment In Malibagh Chowdhury Para", Malibagh,Malibagh Chowdhury Para,3,2,2300.0,15000000.0
Comfortable And Nicely Planned Flat In Uttara For Rent Nearby Radical Hospitals, Uttara,Sector 5,3,4,2200.0,17500000.0
"Find Your Desired Home At This 3200 Sq Ft Well Featured Flat For Rent At Block K, Bar...", Baridhara,Block K,3,3,1360.0,13000000.0
Express Your Individuality At This 2200 Sq.ft Apartment Which Is Vacant For Rent In B..., Banasree,South Banasree Project,4,3,1860.0,12000000.0
4000 Sq.ft Spacious Apartment Is Up For Rent In Gulshan 2, Gulshan,Gulshan 2,4,4,1800.0,7500000.0
Near City Bank Flat For Rent In Gulshan-2, Gulshan,Gulshan 2,3,4,2500.0,22000000.0
"1510 Sq Ft Flat With 3 Bedrooms For Rent In Bashundhara R-a, Block E", Bashundhara R-A,Block E,3,3,1485.0,8167000.0
Deal With This 1510 Sq Ft Flat For Rent In Bashundhara R-a, Bashundhara R-A,Block E,3,3,1350.0,9450000.0
An Elite Apartment In Uttara Near First Security Islami Bank Is Up For Rent, Uttara,Sector 10,3,3,1250.0,11500000.0
Reside Conveniently In This Well-constructed 1200 Sq Ft Flat For Rent In Agargaon, Agargaon,Haji Goli,3,3,2230.0,21200000.0
"Stylish House For Rent In Bashundhara R-a Block D, Which Is Covering An Area Of 2580 ...", Bashundhara R-A,Block D,4,4,2100.0,15750000.0
See This 1400 Sq.ft Apartment Which Is Up For Rent In Uttara Near Nrb Commercial Bank..., Uttara,Sector 13,3,3,2100.0,15750000.0
We Have A Ready Flat For Rent In Baridhara Nearby Baridhara Jame Masjid, Baridhara,Road No 10,4,4,800.0,3200000.0
Decent 900 Sq Ft Residential Apartment For Rent In Mohammadpur, Mohammadpur,PC Culture Housing,3,2,1050.0,5500000.0
At Gulshan 2600 Square Feet Flat For Rent Close To City Bank, Gulshan,Gulshan 2,3,4,632.0,4424000.0
1800 Sq Ft Apartment For Rent Is Located On Gulshan Near To Dncc Market Mosque, Gulshan,Gulshan 1,3,3,1485.0,8167000.0
Choose Your Destination At 1400 Sq Ft Flat Which Is Available For Rent In Green Road ..., Kalabagan,Green Road,3,2,1700.0,7200000.0
1000 Sq Ft Residential Apartment Is Set For Rent At Mirpur Nearby Mirpur Shopping Cen..., Mirpur,West Shewrapara,2,2,1400.0,5680000.0
"1400 Square Feet Apartment For Rent In North Adabor, Mehedibag Housing Society", Adabor,North Adabor,3,3,1100.0,9500000.0
"Fully Furnished 3,600 Square Feet Apartment Ready For Rent In Baridhara", Baridhara,Block K,4,4,1580.0,10000000.0
Take A Look To An Impressive Semi Furnished Flat Of 4000 Sq Ft For Rent Located At Bl..., Baridhara,Block K,4,4,1550.0,9500000.0
A Very Impressively Done 1700 Sq Ft Rental Residential Flat Is In The Center Of Barid..., Baridhara,Block K,3,3,650.0,2300000.0
3500 Sq Ft Flat Is Now Vacant To Rent In Baridhara, Baridhara,Block K,4,4,900.0,4000000.0
"To Live A Secure Life You Can Take This 2300 Sq Ft Flat For Rent At West Rampura, Moh...", Rampura,West Rampura,5,5,1584.0,12000000.0
"Pursue This 1100 Sq Ft Semi-furnished Flat To Rent In Bashundhara R-a, Block A", Bashundhara R-A,Block A,3,2,650.0,3000000.0
Pursue This 2300 Sq Ft Full Furnished Apartment For Rent In Baridhara, Baridhara,Block K,3,3,1578.0,12000000.0
"Close To Rajuk Uttara Model College, A 2900 Sq Ft Spacious Residential Apartment Is R...", Uttara,Sector 6,4,4,1500.0,8800000.0
"2088 Square Feet Apartment For Rent In The Great Location Of Mohammadpur, Iqbal Road", Mohammadpur,Iqbal Road,3,4,2300.0,15000000.0
Near City Bank Flat For Rent In Gulshan-2, Gulshan,Gulshan 2,3,4,2200.0,20000000.0
Deal With This 1510 Sq Ft Flat For Rent In Bashundhara R-a, Bashundhara R-A,Block E,3,3,1000.0,7000000.0
"1510 Sq Ft Flat With 3 Bedrooms For Rent In Bashundhara R-a, Block E", Bashundhara R-A,Block E,3,3,1515.0,7500000.0
"Notable 2,150 SFT Apartment for Rent in Bashundhara R-A", Bashundhara R-A,Block A,3,5,1412.0,7000000.0
2200 Sq Ft Apartment With 3 Bedrooms For Rent In Uttara-12, Uttara,Sector 12,3,4,1300.0,5850000.0
Spectacular 3500 Sq Ft Ready Apartment For Rent In Gulshan 2, Gulshan,Gulshan 2,4,4,1300.0,5460000.0
"Checkout This Brand New Flat Of 2300 Sq Ft Up For Rent In Bashundhara R/a, Block D", Bashundhara R-A,Block D,4,4,1300.0,6850000.0
"Baridhara Is Pleased To Offer You This Elegantly Designed 1700 Sq Ft Flat, For Rent", Baridhara,Block K,3,3,850.0,5100000.0
Be the awaited occupant of 1700 SQ FT residential flat waiting to get rented at Barid..., Baridhara,Block K,3,3,650.0,2500000.0
A very beautiful 1700 SQ FT residence is now available for rent in Baridhara, Baridhara,Block K,3,3,1155.0,7430000.0
"Take This Nice 2150 Sq Ft Rental Apartment In Bashundhara R-A, Block C To Fulfill You...", Bashundhara R-A,Block C,3,3,1335.0,10000000.0
An Elite Apartment In Uttara Near First Security Islami Bank Is Up For Rent, Uttara,Sector 10,3,3,727.0,2908000.0
5400 Sq Ft Apartment For Rent In Gulshan 2, Gulshan,Gulshan 2,4,5,1000.0,6000000.0
Extravagant 5000 Sq Ft Ready Semi Furnished Apartment For Rent In Gulshan 2, Gulshan,Gulshan 2,4,5,1500.0,9500000.0
Vast 5400 Sq Ft Ready Apartment For Rent In Gulshan 2, Gulshan,Gulshan 2,4,5,909.0,4500000.0
View This 2373 Sq Ft Apartment For Rent In Uttara-12, Uttara,Sector 12,3,4,800.0,3700000.0
4000 Sq Ft Ready Apartment For Rent In Baridhara, Baridhara,Block K,3,4,1000.0,5100000.0
A nicely constructed apartment of 1850 SQ FT can be found in Bashundhara R-A for rent, Bashundhara R-A,Block L,3,4,1260.0,5796000.0
Reside Conveniently In This Comfortable 3000 Sq.ft Flat For Rent At Baridhara - Block..., Baridhara,Block K,4,4,600.0,3250000.0
"Well-fitted Apartment Is Here Sited At Bashundhara Block F, Featuring 2300 Sq Ft Spac...", Bashundhara R-A,Block F,4,4,2156.0,17000000.0
"Take Rent This 1500 Sq Ft Nice Flat For Living A Pleasant Life In Mazar Road, Mirpur", Mirpur,1st Colony,3,3,1100.0,9500000.0
1500 Sq Ft Lovely Flat For Rent In Baridhara Dohs, Baridhara DOHS,Road No 2,3,3,1800.0,15400000.0
"Smartly Priced 2500 Sq Ft Flat, That You Should Check In Bashundhara R-a", Bashundhara R-A,Block H,4,4,1545.0,11500000.0
Spacious Flat In A Serene Location | 1550 Sq Ft Home For Rent In Bashundhara R-a, Bashundhara R-A,Block H,3,3,1330.0,7200000.0
Vibrant 5000 Sq Ft Semi Furnished Apartment For Rent In Baridhara, Baridhara,Block K,4,5,1400.0,8400000.0
Luxurious 5000 Sq Ft Ready Apartment For Rent In Baridhara, Baridhara,Block K,4,5,1205.0,6600000.0
Budget-friendly 600 Sq Ft Residential Apartment For Rent In Sutrapur, Sutrapur,Luxmibazar,2,1,1220.0,6800000.0
An Amazing 2700 Sq Ft Apartment Is For Rent In Gulshan 2, Gulshan,Gulshan 2,4,4,1080.0,4320000.0
Rent This Nicely Built 1450 Sq Ft Flat Available In Bashundhara R-a, Bashundhara R-A,Block K,3,3,1485.0,8167000.0
Live In This 1500 Sq Ft Apartment Ready For Rent In Banasree, Banasree,Block D,3,3,1459.0,13500000.0
"Grab This 1400 Sq Ft Flat For Rent In Holy Lane Shyamoli , Near Shyamoli Square", Shyamoli,Holy Lane,3,3,1400.0,10500000.0
Banasree Is Offering A 1860 Sq Ft Flat For Rent To Pick It For Your Next Home., Banasree,Block M,4,4,700.0,2500000.0
"Prominent Location | Vacant, 1100 SQ FT Apartment | Ready To Move", Aftab Nagar,Block E,3,2,1100.0,5500000.0
"1350 Sq Ft Ready Flat For Rent In Middle Badda, With Splendid Features And Price", Badda,Middle Badda,3,3,1100.0,6000000.0
Be The Resident Of This Beautiful Flat Of 1000 Sq Ft Which Is Vacant Now For Rent At ..., Aftab Nagar,Block C,3,3,1120.0,5040000.0
View This 2373 Sq Ft Apartment For Rent In Uttara-12, Uttara,Sector 12,3,4,1350.0,8000000.0
Beautiful And Well-constructed 3000 Sq Ft Full Furnished Flat Is Ready To Rent At Bar..., Baridhara,Road No 10,4,4,1610.0,23000000.0
"Rarely Available A 2 Bedrooms Flat Is Up For Rent At Nikunja 2, Nearby Baitul Mahfuz ...", Nikunja,Nikunja 2,2,2,1050.0,7140000.0
You Can Take Rent This Lovely Apartment Of 2124 Sq Ft To Live A Relaxed Life At Gulsh..., Gulshan,Gulshan 1,3,3,938.0,4000000.0
"1764 Sq Ft Apartment Is Ready For Rent In Banasree, Block A", Banasree,Block A,3,4,1850.0,17500000.0
Find Your Desired Home At This 1000 Sq Ft Well Featured Flat For Rent At West Rampura, Rampura,West Rampura,2,2,2450.0,31000000.0
720 Sq Ft Flat For Rent In The Prominent Location Of Nikunja 2, Nikunja,Nikunja 2,2,2,1085.0,6000000.0
"Plan To Move In This 1050 Sq Ft Flat Which Is For Rent In Paikpara, Ahmed Nagar", Mirpur,Ahmed Nagar,3,2,1850.0,14800000.0
Suitable 1500 Sq Ft Residential Apartment For Rent In New Market, New Market,Elephant Road,3,4,2440.0,25400000.0
Modest 1250 Sq Ft Apartment for Rent in Prime Uttar Badda Location, Badda,Uttar Badda,3,2,852.0,4800000.0
Valuable 2350 Sq Ft Residential Apartment Available for Rent in Uttara, Uttara,Sector 12,3,4,850.0,3500000.0
1500 Sq Ft Apartment Is Ready To Rent In Banasree, Banasree,Block F,3,3,1750.0,19200000.0
Pursue This 2500 Sq Ft Apartment For Rent In Uttara-11, Uttara,Sector 11,4,4,1750.0,19200000.0
"A Cozy 900 Sq Ft Apartment Is For Rent In West Rampura, Mohanagar Housing", Rampura,West Rampura,2,2,1000.0,6500000.0
"Check This Fine Looking Flat Of 1500 Sq Ft Offered For Rent In Sector 12, Uttara", Uttara,Sector 12,3,4,2700.0,67500000.0
"Check This Fine Looking Flat Of 1075 Sq Ft Offered For Rent In Block C, Aftab Nagar", Aftab Nagar,Block C,3,3,2700.0,67500000.0
A Very Well-fitted Apartment Is Here Sited At Paikpara Featuring 1150 Sq Ft Space For..., Mirpur,Ahmed Nagar,3,3,1609.0,12800000.0
Notable 1700 Sq Ft Full Furnished Flat For Rent In Uttara, Uttara,Sector 4,3,3,1400.0,7000000.0
This Wonderful Flat Is Set For Rent With An Amazing Floor Plan Which Is 1700 Sq Ft In..., Bashundhara R-A,Block I,3,4,1294.0,10000000.0
"All Set For Rental Purpose This 1700 Sq Ft Flat In The Location Of Bashundhara R-a, B...", Bashundhara R-A,Block I,3,4,2187.0,39366000.0
Standard 1456 Sq Ft Residential Apartment For Rent In Maghbazar, Maghbazar,Greenway Road,3,3,1500.0,12000000.0
"Reside In This 1400 Sq Ft Apartment Up For Rent In Aftab Nagar, Block K", Aftab Nagar,Block K,3,4,895.0,5500000.0
"1000 Sq Ft Apartment Is Available For Rent In Uttar Badda, Matabbar Road", Badda,Uttar Badda,3,3,1250.0,6250000.0
"Check This Fine Looking Flat Of 850 Sq Ft Offered For Rent In Section 1, Mirpur", Mirpur,Section 1,2,2,1250.0,6250000.0
Checkout This 1250 Sq Ft Apartment Available For Rent In Uttar Badda, Badda,Uttar Badda,3,3,1700.0,12000000.0
"1100 Sq Ft Great Apartment Is Available For Rent In Badda, Adarsh Nagar Road", Badda,Adarsh Nagar Road,3,3,1250.0,8750000.0
Live In This 1000 Sq Ft Apartment Available For Rent In Middle Badda, Badda,Middle Badda,3,2,1420.0,8200000.0
"1050 Sq Ft Convenient Apartment For Rent In Gupipara Road, Uttar Badda", Badda,Uttar Badda,3,2,1475.0,15550000.0
"In An Urban Location And Reasonable Price, See This 1350 Sq.ft Flat Is Available For ...", Badda,Shahjadpur,3,3,1375.0,14550000.0
"1,700 Sq Ft Residential Apartment Available for Rent in Dhanmondi", Dhanmondi,Road No 3,3,3,850.0,3300000.0
Shyamoli Is Offering A 1300 Sq Ft Flat For Rent To Pick It For Your Next Home., Shyamoli,Road No 4,3,3,1250.0,5500000.0
"1340 Sq Ft Flat For Rent In Middle Badda, With Good Home Facilities", Badda,Middle Badda,3,3,1175.0,7000000.0
"Ready To Move In! Check This 1340 Sq. Ft Apartment For Rent In Cumilla Para Road, Mid...", Badda,Middle Badda,3,3,2200.0,20000000.0
"1600 Sq Ft Flat With Great Fittings For Rent In Khilgaon, C Block", Khilgaon,Block C,3,3,1332.0,5594400.0
"Dwell In This 1500 Sq Ft Flat For Rent In Agargaon, Kamal Soroni Road", Agargaon,Kamal Soroni Road,3,3,1360.0,13000000.0
This Wonderful Flat Is Set For Rent With An Amazing Floor Plan Which Is 1250 Sq Ft In...,,Agargaon,3,3,1412.0,7000000.0
1250 SQFT Residential Apartment For Rent At Agargaon,,Agargaon,3,3,1300.0,5850000.0
Balance Your Lifestyle Living In This 2500 Square Feet Apartment For Rent In Bashundh..., Bashundhara R-A,Block I,4,5,1300.0,5460000.0
Move In And Inhabit This 1400 Sq Ft Properly Constructed Apartment For Rent In Aftab ..., Aftab Nagar,Block D,3,3,1100.0,6050000.0
"Built With Modern Amenities, Check This 1100 Sq.ft-3 Bedroom Flat For Rent In The Loc...", Kalabagan,Lake Circus(Abed Dhali Road),3,3,1020.0,5000000.0
Charming 600 Sq. Ft. Cozy Apartment Available for Rent in Dhanmondi, Dhanmondi,Central Road,1,2,1220.0,9500000.0
This Beautiful Flat Of 1500 Sq Ft Is Greatly Affordable And Will Come Within Your Bud..., Banasree,Block J,4,4,1950.0,8775000.0
1150 Sq Ft Apartment Including 3 Bedrooms Is Ready For Rent In Mirpur-1, Mirpur,Section 1,3,3,650.0,2520000.0
"1300 Square Feet Apartment Is For Rent In Shyamoli, Dhaka Housing Main Road", Shyamoli,Dhaka Housing Main Road,3,3,800.0,5300000.0
"View This 1300 Square Feet Apartment For Rent In Shyamoli, Dhaka Housing Main Road", Shyamoli,Dhaka Housing Main Road,3,3,1112.0,7500000.0
A Very Well-fitted Apartment Is Here Sited At Paikpara Featuring 1150 Sq Ft Space For..., Mirpur,Ahmed Nagar,3,3,990.0,7425000.0
"1220 Sq Ft Nicely Planned Apartment Is Available For Rent In Block F, Banasree", Banasree,Block F,3,3,1125.0,9500000.0
"1250 Sq Ft Great Apartment Is Ready For Rent In Mirpur, Kallyanpur", Mirpur,Kallyanpur,3,3,2150.0,23500000.0
"Deal With This 1150 Sq Ft Perfect Apartment Ready For Rent In Mirpur, Kallyanpur", Mirpur,Kallyanpur,3,3,650.0,2400000.0
"A Flat For Residential Purpose In The Hub Of Mohammadpur With 1350 Sq Ft, Is Up For R...", Mohammadpur,PC Culture Housing,3,3,1300.0,6500000.0
A Beautifully Constructed Apartment Of 1650 Sq Ft Is Vacant Right Now For Rent In Sec..., Uttara,Sector 12,3,3,1300.0,6500000.0
A Beautifully Constructed Apartment Of 1250 Sq Ft Is Vacant Right Now For Rent In Bai..., Adabor,Baitul Aman Housing Society,3,3,1850.0,9800000.0
"View This 1050 Sq Ft Apartment Ready For Rent In Mirpur, Ahmed Nagar", Mirpur,Ahmed Nagar,3,2,1215.0,7500000.0
1300 Sq Ft Residential Apartment For Rent In South Banasree Project, Banasree,South Banasree Project,3,3,1180.0,6490000.0
1250 SQFT Residential Apartment For Rent At Agargaon,,Agargaon,3,3,1090.0,6540000.0
1050 Sq.ft Apartment Is Available For Rent In Purana Paltan Which Is Tailored To Your..., Motijheel,Purana Paltan,2,2,1463.0,5852000.0
4 Bedroom Home Which Will Fulfill Your Desired Is Now Vacant For Rent In Banasree - B..., Banasree,Block G,4,3,780.0,2730000.0
"An Affordable 1200 Square Feet Apartment Is Up For Rent In Vatara , Very Next To Hasa...", Badda,Vatara,3,2,1100.0,4950000.0
Properly designed this 1200 SQ Ft home is now up for rent in Vatara, Badda,Vatara,3,2,1445.0,6936000.0
"In An Urban Location And Reasonable Price, See This 1350 Sq.ft Flat Is Available For ...", Badda,Shahjadpur,3,3,1000.0,6800000.0
Balance Your Lifestyle Living In This 2500 Square Feet Apartment For Rent In Bashundh..., Bashundhara R-A,Block I,4,5,1450.0,13050000.0
Move In And Inhabit This 1400 Sq Ft Properly Constructed Apartment For Rent In Aftab ..., Aftab Nagar,Block D,3,3,1637.0,12000000.0
A 1600 Sq Ft Very Reasonable Medium Flat Is Available For Rent At Bashundhara R-a, Bashundhara R-A,Block G,3,3,2036.0,17000000.0
"Built With Modern Amenities, Check This 1100 Sq.ft-3 Bedroom Flat For Rent In The Loc...", Kalabagan,Lake Circus(Abed Dhali Road),3,3,2230.0,21200000.0
"For Rental Purpose 1100 Sq Ft Flat Is Now Up To Rent In Banasree, Avenue 8", Banasree,Block H,3,3,1310.0,10000000.0
A 1250 Sq Ft Flat Is Up For Rent In A Well Secured Location Of West Agargaon, Agargaon,West Agargaon,3,3,2200.0,19800000.0
Properly designed this 1200 SQ Ft home is now up for rent in Vatara, Badda,Vatara,3,2,1400.0,8400000.0
1700 Sq Ft Apartment Is Ready For Rent In Banasree, Banasree,Block F,3,3,1125.0,6187500.0
"Grab This Amazing 1600 Sq Ft Apartment Ready For Rent In Aftab Nagar, Block D", Aftab Nagar,Block D,3,3,1195.0,8500000.0
"Grab A 1050 Sq Ft Flat For Rent At Kallyanpur, Mirpur", Mirpur,Kallyanpur,3,2,1350.0,7425000.0
"Rent This 2400 Sq Ft Flat In Bashundhara R-a, Block I", Bashundhara R-A,Block I,3,4,1100.0,6050000.0
"Checkout This 1350 Sq Ft Apartment Ready For Rent In Mirpur, Paikpara", Mirpur,Paikpara,3,3,1465.0,8000000.0
"Visit This 1250 Square Feet Apartment For Rent In Mohammadpur, Pc Culture Housing", Mohammadpur,PC Culture Housing,3,3,922.0,5000000.0
To Get A Trouble Free Life You Can Take Rent This 1300 Sq Ft Home In West Agargaon, Agargaon,West Agargaon,3,3,1410.0,13395000.0
4 Bedroom Home Which Will Fulfill Your Desired Is Now Vacant For Rent In Banasree - B..., Banasree,Block G,4,3,975.0,4000000.0
A 1600 Sq Ft Very Reasonable Medium Flat Is Available For Rent At Bashundhara R-a, Bashundhara R-A,Block G,3,3,2225.0,23500000.0
"Rent this Elegant 2,000 Sq Ft Fully Furnished Apartment in Bashundhara R-A", Bashundhara R-A,Block C,3,3,2200.0,22000000.0
"Lovely Apartment Of 2,250 Sq Ft Is Up For Rent In Bashundhara R-A", Bashundhara R-A,Block B,4,4,1150.0,9000000.0
Flat For Rent In Dhanmondi Near Paedihope Hospital For Sick Children, Dhanmondi,Road No 6,3,3,1300.0,6500000.0
A Very Nice 1050 Sq Ft Flat Is Now Available For Rent Nearby Pc Culture Housing Socie..., Mohammadpur,PC Culture Housing,3,2,1050.0,4500000.0
5000 Sq Ft Apartment With 4 Bedrooms Is Set For Rent In Gulshan 2, Gulshan,Gulshan 2,4,4,1165.0,8000000.0
"We Bring You A Beautiful And Distinct Flat Of 1350 Sq Ft For Rent In Sector 7, Uttara", Uttara,Sector 7,3,2,1325.0,6500000.0
1250 Sq Ft Apartment For Rent In Paikpara With All Facilities, Mirpur,Ahmed Nagar,3,3,1220.0,5500000.0
Remarkable Semi Furnished Flat Of 5000 Sq Ft Is Up For Rent In Gulshan 2, Gulshan,Gulshan 2,4,4,1010.0,5500000.0
3500 Square Feet Apartment With 4 Bedrooms For Rent In Gulshan 1, Gulshan,Gulshan 1,4,4,1400.0,6300000.0
A Ready 700 Sq.ft Apartment For Rent In Shyamoli Near Dhaka Central International Med..., Shyamoli,Golden Street,2,1,1200.0,6600000.0
Here Is A Well Defined Flat Of 1400 Sq Ft Waiting For Rent At Mohammadpur, Mohammadpur,Katashur,3,3,850.0,3300000.0
"In The Location Of Mohammadpur, 3-Bedroom Apartment Is Up To Rent", Mohammadpur,Bizlymoholla Road,3,2,1220.0,5500000.0
"Looking For A Perfect Family Home To Rent In Shyamoli, Check This 1650 Sq Ft Well Fea...", Shyamoli,Khilji Road,3,4,650.0,2500000.0
An Appropriate 1300 Sq Ft Residence Is Prepared To Be Rented In Adabor., Adabor,Baitul Aman Housing Society,3,3,975.0,4500000.0
"870 Square Feet Apartment With Great Rooms For Rent In Mohammadpur, Tajmahal Road", Mohammadpur,Tajmahal Road,2,2,1100.0,9000000.0
Explore This 1050 Sq Ft Apartment For Rent In Mohammadpur Bustling Suburb, Mohammadpur,Humayun Road,2,2,650.0,2400000.0
"Lovely Apartment Of 1050 Sq Ft Is Up For Rent In Mohammadpur, Humayun Road", Mohammadpur,Humayun Road,3,2,1542.0,8500000.0
For Rental Purpose 1500 Sq Ft Flat Is Now Up For Rent In Uttara Close To Uttara Play ..., Uttara,Sector 3,3,3,650.0,3300000.0
Offering You 870 Sq Ft Apartment To Rent In Mohammadpur, Mohammadpur,Tajmahal Road,2,2,1100.0,4200000.0
Get This 2200 Sq Ft Apartment Ready To Rent In Mirpur Dohs, Mirpur,Mirpur DOHS,4,4,800.0,8600000.0
"1400 Sq Ft Flat For Rent In The Great Placement Of Bashundhara R-a, Block I", Bashundhara R-A,Block I,3,3,2000.0,21500000.0
"A Flat For Residential Purpose In The Hub Of Uttara 7 With 1600 Sq Ft, Is Up For Rent...", Uttara,Sector 7,3,3,1960.0,39000000.0
"This Vacant Apartment Of 900 Sq Ft Situated In West Malibag, Is Up For Rent", Malibagh,West Malibag,2,3,800.0,6650000.0
"A Ready, Well Decorated 1400 Sq Ft Flat Is Up For Renting Purpose In Faydabad, Dakshi...", Dakshin Khan,Faydabad,3,3,950.0,4000000.0
"Well developed and nicely planned 1415 SQ FT flat is up for rent in Uttara, Sector 11...", Uttara,Sector 11,3,3,900.0,4500000.0
"Start A New Home, In This 1135 Sq Ft Flat For Rent In Kalabagan, Lake Circus Road", Kalabagan,Lake Circus Road,3,3,1331.0,16000000.0
A Ready 700 Sq.ft Apartment For Rent In Shyamoli Near Dhaka Central International Med..., Shyamoli,Golden Street,2,1,1500.0,11000000.0
For Rental Purpose 1500 Sq Ft Flat Is Now Up For Rent In Uttara Close To Uttara Play ..., Uttara,Sector 3,3,3,1000.0,5700000.0
Explore This 1050 Sq Ft Apartment For Rent In Mohammadpur Bustling Suburb, Mohammadpur,Humayun Road,2,2,1265.0,8500000.0
"Lovely Apartment Of 1050 Sq Ft Is Up For Rent In Mohammadpur, Humayun Road", Mohammadpur,Humayun Road,3,2,1220.0,5000000.0
An Appropriate 1300 Sq Ft Residence Is Prepared To Be Rented In Adabor., Adabor,Baitul Aman Housing Society,3,3,740.0,4000000.0
3200 Sq Ft Ready Semi Furnished Apartment For Rent In Baridhara, Baridhara,Block K,4,4,2000.0,22000000.0
We Are Offering A Reasonably Priced Flat For Rent Which Is Featuring 1520 Sq Ft Space..., Agargaon,West Agargaon,3,3,1125.0,9700000.0
This Beautiful Flat Of 1530 Sq Ft Is Greatly Affordable And Will Come Within Your Bud..., Agargaon,West Agargaon,3,3,1100.0,4500000.0
5550 Sq Ft Modern And Spacious Semi-furnished Apartment Is For Rent In Gulshan 2, Gulshan,Gulshan 2,4,4,1370.0,12500000.0
Prominent Location Bright And Cozy For Rent 1250 Sq Ft Apartment, Bashundhara R-A,Block J,3,3,1300.0,13400000.0
1800 Sq Ft Full Furnished Apartment Is Available For Rent In Bashundhara, Bashundhara R-A,Block B,4,4,1834.0,26900000.0
Grab This 2150 Sq Ft Ready Flat For Rent In Uttara-6, Uttara,Sector 6,4,4,900.0,7000000.0
"Looking For A Nice Full Furnished Flat To Rent In Uttara, Check This One Which Is 180...", Uttara,Sector 5,3,3,1274.0,10500000.0
Grab This 1680 Sq Ft Flat For Rent In Dhanmondi, Dhanmondi,Road No 4A,3,3,2045.0,23625000.0
Classic 1100 Square Feet Fully Furnished Apartment Is For Rent In Mohammadpur, Mohammadpur,Khilji Road,2,3,1600.0,13500000.0
1100 Square Feet Flat Is For Rent In Uttara-14, Uttara,Sector 14,3,2,950.0,7500000.0
"Flat up for rent in Gulshan 2 area, near Manarat International University, of 4000 SQ...", Gulshan,Gulshan 2,5,5,2400.0,20000000.0
"1500 Square Feet Apartment Is For Rent In Kalabagan, Dolphin Goli Road", Kalabagan,Dolphin Goli Road,3,3,1300.0,8000000.0
"Checkout This 2200 Sq Ft Flat For Rent In Block B, Lalmatia", Lalmatia,Block B,3,4,2000.0,11500000.0
"At West Rampura, A 970 Sq Ft Well Fitted Residential Property Is On Rent", Rampura,West Rampura,3,2,1330.0,7900000.0
1600 SFT 3 Bed Apt. Is Ready To Rent In Aftab Nagar, Aftab Nagar,Block H,3,3,1230.0,7400000.0
1350 Sq Ft Apartment Available For Rent In Badda, Badda,Uttar Badda,3,3,970.0,4800000.0
See This Flat For Rent In Gulshan Near American Standard International School, Gulshan,Gulshan 2,3,3,2125.0,20000000.0
"A Fine Apartment Of 2000 Sq Ft For Rent Is Available In Gulshan 1, Near North End Cof...", Gulshan,Gulshan 1,3,3,2687.0,47500000.0
"1600 Sq Ft Apartment Is Ready For Rent In Aftab Nagar, Block B", Aftab Nagar,Block B,3,3,650.0,4000000.0
"1485 Sq Ft Apartment For Rent In Banasree, Block G", Banasree,Block G,3,3,1610.0,13100000.0
Deal With This 1515 Sq Ft Flat For Rent In Bashundhara R-a, Bashundhara R-A,Block E,3,3,3650.0,78000000.0
"Take A Look At This 1400 Sq Ft Flat Up For Rent In Cantonment, Matikata Road", Cantonment,Matikata Road,4,4,2180.0,17500000.0
1550 Square Feet Apartment Is For Rent In The Serene Location Of Uttara-13, Uttara,Sector 13,3,3,1185.0,11000000.0
1250 Sq Ft Apartment Is For Rent In The Great Area Of Mirpur, Mirpur,Middle Paikpara,3,3,950.0,6000000.0
"Luxurious 4-Bedroom 4000 sq ft Apt. For Rent at Baridhara, Dhaka", Baridhara,Road No 4,4,4,3355.0,39000000.0
Luxurious Living In Baridhara | Spacious 4-bedroom 4000 Sq Ft Apartment For Rent, Baridhara,Road No 4,4,4,1050.0,6200000.0
"Make This 2600 Sq Feet Nice Flat Yours, By Renting It In Baridhara DOHS", Baridhara DOHS,Road No 4,4,5,1700.0,17000000.0
A Well-constructed Beautiful 3000 Sq Ft Apartment Is Ready To Rent In Gulshan, Gulshan,Gulshan 2,3,4,1550.0,14500000.0
Your New Home Is Waiting For You In This Lovely Apartment Of 1500 Sq Ft Is Ready For ..., Bashundhara R-A,Block B,3,4,1400.0,5680000.0
West Shewrapara Is Offering You A 900 Sq Ft Flat For Rent, Mirpur,West Shewrapara,2,2,1700.0,7200000.0
"1000 Square Feet Apartment Is For Rent In Mirpur, West Shewrapara", Mirpur,West Shewrapara,2,2,690.0,3000000.0
"Valuable 1800 Sq Ft Flat For Rent In Bashundhara, Block D", Bashundhara R-A,Block D,3,3,1260.0,7000000.0
"1500 Square Feet Standard Apartment For Rent In Adabor, Shyamoli Housing (2nd Project...", Adabor,Shyamoli Housing (2nd Project),3,4,1275.0,7200000.0
1700 Square Feet Apartment For Rent In Mirpur, Mirpur,Pirerbag,3,4,612.0,2900000.0
Gulshan 2 Is Offering You A 2200 Sq Ft Full Furnished Apartment For Rent, Gulshan,Gulshan 2,3,4,650.0,4000000.0
A 2200 Sq Ft Very Affordable Flat With Good Transportation Availability Is For Rent C..., Gulshan,Gulshan 1,3,4,1762.0,10500000.0
Vast 4500 Sq Ft Ready Apartment For Rent In Gulshan 2, Gulshan,Gulshan 2,4,4,1120.0,6160000.0
Amazing Full Furnished Flat Including 4 Bedroom Are Up For Rent In Mohakhali DOHS, Mohakhali DOHS,Road No 31,4,4,960.0,3700000.0
Prominent 2200 Sq Ft Residential Apartment For Rent In Dhanmondi, Dhanmondi,Road No 7,3,3,2700.0,26500000.0
2200 Sq Ft 4 Bed Apartment Is Ready To Rent In Uttara, Uttara,Sector 6,4,4,1800.0,9000000.0
"Apartment For Rent In Banasree, Road No 4 Nearby National Ideal School", Banasree,Block B,2,2,1225.0,5512500.0
Acquire This 1500 Sq Ft House For Your New Residence In A Nice Location Of Uttara Sec..., Uttara,Sector 10,3,3,1050.0,3750000.0
An Apartment Of 2200 Sft Which Is Up For Rent At Bashundhara R-a Near To Apollo Hospi..., Bashundhara R-A,Block A,3,5,1550.0,11500000.0
"Create Your Residence In This 2200 Sq Ft Flat Set To Rent In Bashundhara R-a, Block A", Bashundhara R-A,Block A,3,5,1200.0,6050000.0
An Apartment Is Up For Rent At Bashundhara R-a Near To Apollo Hospital, Bashundhara R-A,Block A,3,4,1050.0,3750000.0
Get Ready To Move Into This 1480 Sq Ft Flat For Rent In Bashundhara R-a, Bashundhara R-A,Block E,3,3,4200.0,50400000.0
"A Newly-built 1480 Sq Ft Flat Is For Rent In Bashundhara R-a, Block E", Bashundhara R-A,Block E,3,3,1200.0,6500000.0
Spacious 2200 Sq Ft Residential Apartment For Rent In Uttara 11, Uttara,Sector 11,4,4,930.0,4500000.0
"Meet With A Fascinating 950 Sq Ft Ready Flat For Rent In Block J, Banasree", Banasree,Block J,3,2,1200.0,5400000.0
"Focus On Renting A Home For Your Family Like This 1500 Sq Ft Apartment In Block B, Ba...", Banasree,Block B,4,3,1200.0,5400000.0
"820 Sq Ft Flat For Rent In Mohammadpur, Tajmahal Road", Mohammadpur,Tajmahal Road,3,2,1100.0,4950000.0
Apartment for Rent in Banasree near Banasree Bazar, Banasree,Block B,2,2,850.0,3825000.0
"At Paltan, flat for Rent close to Paltan Tower", Motijheel,Purana Paltan,3,3,1050.0,4410000.0
4500 Sq Ft Beautiful Flat Is Available For Rent In Gulshan 2 Near To Six Seasons, Gulshan,Gulshan 2,4,4,905.0,4072500.0
Ready To Rent | Well-maintained 1450 Sq ft Apartment In Aftab Nagar, Aftab Nagar,Block E,3,3,600.0,3250000.0
"Meet With A Fascinating 1000 Sq Ft Ready Flat For Rent In Block E, Aftab Nagar", Aftab Nagar,Block E,3,2,1300.0,9750000.0
"Grab A 1000 Sq Ft Flat For Rent At Block E, Aftab Nagar", Aftab Nagar,Block E,3,2,600.0,2000000.0
Be The Resident Of This Beautiful Flat Of 1000 Sq Ft Which Is Vacant Now For Rent At ..., Aftab Nagar,Block E,3,2,1050.0,10000000.0
Grab This 2800 Sq Ft Spacious Apartment For Rent In North Shahjahanpur, Shahjahanpur,North Shahjahanpur,3,3,1800.0,19000000.0
Offering you beautiful 1385 SQ FT apartment to Rent in Banasree, Banasree,Block C,3,3,1220.0,6800000.0
3 Bedroom Residence | Ready To Rent In Aftab Nagar, Aftab Nagar,Block F,3,3,900.0,4050000.0
Ready To Rent | Well-maintained 1400 Sq ft Apartment In Aftab Nagar, Aftab Nagar,Block F,3,3,632.0,4424000.0
"1100 Sq Ft Apartment Is Ready For Rent In Banasree, Block B", Banasree,Block B,3,3,1390.0,7665000.0
"Plan To Move In This 1970 Sq Ft Flat Which Is For Rent In Block B, Bashundhara R-A", Bashundhara R-A,Block B,3,4,1100.0,5000000.0
"A Rightly Planned 2000 Sq Ft Flat Is Found For Rent In Block B, Bashundhara R/A", Bashundhara R-A,Block B,3,3,1485.0,8167000.0
"This 1755 Sq Ft Flat Is Up For Rent Within Your Affordability, Is Located At Block E,...", Aftab Nagar,Block E,3,3,1080.0,4320000.0
"Get Ready To Rent This Ideally Maintained 1600 Sq Ft Apartment Located In Block H, Ba...", Bashundhara R-A,Block H,3,3,1485.0,8167000.0
Standard 1330 Sq Ft Residential Apartment For Rent In Aftab Nagar, Aftab Nagar,Block E,3,3,850.0,2500000.0
"Take Rent This 3 Bedroom Nice Flat For Living A Pleasant Life In Block E, Aftab Nagar", Aftab Nagar,Block E,3,3,650.0,4600000.0
"Get Ready To Rent This Ideally Maintained 3 Bedroom Apartment Located In Block E, Aft...", Aftab Nagar,Block E,3,3,830.0,4700000.0
"1470 Sq Ft Flat For Rent In Swapnodhara Housing, With Good Home Facilities", Mohammadpur,Bochila,3,3,1350.0,6700000.0
A 3500 Sq Ft Residence In Baridhara Is Presently Available For Rent., Baridhara,Block K,4,4,2650.0,21000000.0
"1680 Sq Ft Nice Flat For Rent In Tejgaon, Tejkunipara", Tejgaon,Tejkunipara,3,3,1275.0,10600000.0
Economical 1200 Sq Ft Ready Apartment For Rent In Khilgaon, Khilgaon,Block C,3,2,1250.0,10500000.0
2508 Square Feet Furnished Apartment For Rent In Gulshan 1, Gulshan,Gulshan 1,3,3,850.0,6500000.0
Make Your Move To This Charming 1150 Sq Ft Flat For Rent In Bashundhara R-A, Bashundhara R-A,Block L,3,3,750.0,4000000.0
1510 Sq Ft Lovely Flat For Rent In Bashundhara R-a, Bashundhara R-A,Block E,3,3,875.0,4000000.0
3100 SFT Apt. | Well Maintained | Ready To Move In, Bashundhara R-A,Block C,4,5,1285.0,9800000.0
"Lovely Apartment Of 3 Bedroom Is Up For Rent In Block E, Aftab Nagar", Aftab Nagar,Block E,3,3,1550.0,12000000.0
"Pursue This 1150 Sq Ft Flat For Rent In Bashundhara R-a, Block L", Bashundhara R-A,Block L,3,3,1337.0,8100000.0
This Vacant Apartment Of 1100 Sq Ft Is Up For Rent, Badda,Khilbari Tek,3,3,1518.0,10000000.0
"Ready To Move In! Check This 1350 Sq. Ft Apartment For Rent In Block E, Aftab Nagar", Aftab Nagar,Block E,3,3,2230.0,16000000.0
"1250 Sq Ft Apartment With 3 Bedrooms Is Ready For Rent In Mirpur, Dakkhin Paikpara", Mirpur,Dakkhin Paikpara,3,3,1125.0,4775000.0
This Wonderful Flat Is Set For Rent With An Amazing Floor Plan Which Is 1250 Sq Ft In..., Mirpur,Dakkhin Paikpara,3,3,1150.0,4870000.0
Comfy Residence Is For Rent In Bangshal With Satisfactory Price.,,Bangshal,2,1,1125.0,4775000.0
Spacious 4000 Sq Ft Ready Apartment For Rent In Baridhara, Baridhara,Block K,4,5,1320.0,6000000.0
1800 SFT Modern Apartment For Rent At Uttara 12, Uttara,Sector 12,3,4,1329.0,6645000.0
"1400 Sq Ft Apartment For Rent In Banasree, Block G", Banasree,Block G,3,3,2200.0,17500000.0
A 3 Bedroom And 1200 Sq Ft Properly Developed Flat For Rent In Khilkhet Very Close To...,,Khilkhet,3,3,1515.0,7500000.0
Vast 3500 Sq Ft Flat Available For Rent In Bashundhara R-A, Bashundhara R-A,Block C,4,4,1000.0,7000000.0
Explore This 1250 Sq Ft Apartment For Rent In Malibagh, Malibagh,Malibagh Chowdhury Para,3,3,955.0,5000000.0
"3500 Sq Ft Flat With 4 Bedrooms Is Available For Rent In Bashundhara R-a, Block C", Bashundhara R-A,Block C,4,4,2140.0,16000000.0
"Start Residing In This 2750 Sq Ft, Properly Developed Apartment For Rent, In Baridhar...", Baridhara,Block K,3,3,1254.0,5500000.0
"Visit This 1200 Square Feet Residential Flat For Rent In Uttar Badda, Progati Sarani", Badda,Uttar Badda,3,3,1410.0,7000000.0
"If You Are Planning To Move To A Suitable Place, This 1800 Sq Ft Flat Available For R...", Uttara,Sector 6,3,3,860.0,4500000.0
"1400 Sq Ft Flat For Rent In The Great Placement Of Bashundhara R-a, Block I", Bashundhara R-A,Block I,3,3,1300.0,5000000.0
A Nicely Planned &amp; Spacious 1800 Sq Ft Flat Is Up For Rent In Uttara Near Uttara ..., Uttara,Sector 6,3,3,1300.0,5000000.0
"A Ready, Well Decorated 1400 Sq Ft Flat Is Up For Renting Purpose In Faydabad, Dakshi...", Dakshin Khan,Faydabad,3,3,1459.0,13500000.0
"Well developed and nicely planned 1415 SQ FT flat is up for rent in Uttara, Sector 11...", Uttara,Sector 11,3,3,1200.0,6050000.0
"This Vacant Apartment Of 900 Sq Ft Situated In West Malibag, Is Up For Rent", Malibagh,West Malibag,2,3,2150.0,18500000.0
"A Flat For Residential Purpose In The Hub Of Uttara 7 With 1600 Sq Ft, Is Up For Rent...", Uttara,Sector 7,3,3,1050.0,6000000.0
"Start A New Home, In This 1135 Sq Ft Flat For Rent In Kalabagan, Lake Circus Road", Kalabagan,Lake Circus Road,3,3,1280.0,7680000.0
"Now You Can Afford To Dwell Well, Check This 3 Bedroom Apartment At Block K, Pallabi ...", Mirpur,Pallabi,3,2,1200.0,7000000.0
"A nice residential flat of 750 SQ FT, for rent, can be found in Abdul Hadi Lane",,Bangshal,2,2,1075.0,4062500.0
Take This 1350 Sq Ft Flat For Rent At Merul Badda Area Nearby Police Plaza Concord Sh..., Badda,Merul Badda,3,3,550.0,2310000.0
Ready Flat Of 1350 Sq Ft Is Now For Rent In Malibagh Nearby Shohagh Bus Depot, Malibagh,Malibag Bazar Rd,3,3,1250.0,7500000.0
A Must See 950 Sq Ft South Facing Apartment For Rent Is All Set For You To Settle In ..., Uttara,Sector 14,3,2,2255.0,22000000.0
"Start Residing In This 1700 Sq Ft, Properly Developed Flat For Rent, In Uttara, Near ...", Uttara,Sector 9,3,4,765.0,5207500.0
1200 Sq Ft Nice Apartment For Rent In Uttara-12, Uttara,Sector 12,2,3,1180.0,7500000.0
"Pursue This 1100 Sq Ft Apartment For Rent In Banasree, Block G", Banasree,Block G,3,2,956.0,5800000.0
Remarkable 3850 Sq Ft Ready Apartment For Rent In Gulshan 2, Gulshan,Gulshan 2,4,4,1465.0,8600000.0
Offering You Nice 1800 Sq Ft Apartment To Rent In Sutrapur, Sutrapur,Tikatuli,3,3,1400.0,6300000.0
3100 SFT Apt. | Well Maintained | Ready To Move In, Bashundhara R-A,Block C,4,5,1400.0,6300000.0
"Lovely Apartment Of 3 Bedroom Is Up For Rent In Block E, Aftab Nagar", Aftab Nagar,Block E,3,3,1350.0,8125000.0
"In Baridhara, Near Bloom Field School, A Distinctive Flat Is Available For Rent", Baridhara,Road No 10,3,4,1400.0,8400000.0
Apartment for Rent in Banasree nearby Central Mosque, Banasree,Block A,3,2,1400.0,8400000.0
"3100 SQ FT apartment for rent near Gulshan 1 DCC Market, in Gulshan 1", Gulshan,Gulshan 1,4,4,1000.0,7500000.0
"1400 Sq Ft Apartment Is Ready For Rent In Aftab Nagar, Block F", Aftab Nagar,Block F,3,3,1680.0,13400000.0
"In The Location Of Aftab Nagar, 3-Bedroom Apartment Is Up To Rent", Aftab Nagar,Block F,3,3,1410.0,13800000.0
Grab This 2800 Sq Ft Spacious Apartment For Rent In North Shahjahanpur, Shahjahanpur,North Shahjahanpur,3,3,1500.0,21500000.0
1400 Sq Ft Decent Apartment For Rent In Middle Badda, Badda,Middle Badda,3,3,810.0,4500000.0
3 Bedroom Residence | Ready To Rent In Aftab Nagar, Aftab Nagar,Block F,3,3,1187.0,10500000.0
Ready To Rent | Well-maintained 1400 Sq ft Apartment In Aftab Nagar, Aftab Nagar,Block F,3,3,2343.0,22000000.0
"1100 Sq Ft Apartment Is Ready For Rent In Banasree, Block B", Banasree,Block B,3,3,925.0,4440000.0
"Take Rent This 3 Bedroom Nice Flat For Living A Pleasant Life In Block E, Aftab Nagar", Aftab Nagar,Block E,3,3,900.0,4320000.0
"Get Ready To Rent This Ideally Maintained 3 Bedroom Apartment Located In Block E, Aft...", Aftab Nagar,Block E,3,3,900.0,4320000.0
An Apartment Of 2200 Sft Which Is Up For Rent At Bashundhara R-a Near To Apollo Hospi..., Bashundhara R-A,Block A,3,5,1175.0,6300000.0
"This Ready Apartment At Nikunja 2, Near Rupali Bank Limited Is Up For Rent.", Nikunja,Nikunja 2,2,2,1400.0,12500000.0
1650 Sq Ft Apartment Is Ready To Rent In Aftab Nagar, Aftab Nagar,Block D,3,3,3195.0,34100000.0
Apartment For Rent In Aftab Nagar Near Ewu, Aftab Nagar,Block A,3,4,1550.0,17000000.0
Fabulous 2750 Sq Ft Apartment For Rent In Gulshan, Gulshan,Gulshan 2,4,4,1800.0,38000000.0
"Look At This Nice 1000 Sq Ft Flat Is Up For Rent At Al-madina Road, East Ahmed Nagar", Mirpur,Ahmed Nagar,3,2,1400.0,6300000.0
"1500 Sq Ft Convenient Apartment For Rent In Block E, Bashundhara R/A", Bashundhara R-A,Block E,3,3,2100.0,14000000.0
Make Your Move To This Charming 1150 Sq Ft Flat For Rent In Bashundhara R-A, Bashundhara R-A,Block L,3,3,1553.0,16500000.0
"Find Your Desired Home At This 2300 Sq Ft Well Featured Flat For Rent At Block C, Aft...", Aftab Nagar,Block C,4,4,600.0,3000000.0
We Have A Ready Flat For Rent In Bashundhara Nearby Apollo Hospital, Bashundhara R-A,Block A,3,4,1100.0,5200000.0
Acquire This 1500 Sq Ft House For Your New Residence In A Nice Location Of Uttara Sec..., Uttara,Sector 10,3,3,1705.0,16900000.0
"Create Your Residence In This 2200 Sq Ft Flat Set To Rent In Bashundhara R-a, Block A", Bashundhara R-A,Block A,3,5,2105.0,19500000.0
An Apartment Is Up For Rent At Bashundhara R-a Near To Apollo Hospital, Bashundhara R-A,Block A,3,4,1820.0,18000000.0
Get Ready To Move Into This 1480 Sq Ft Flat For Rent In Bashundhara R-a, Bashundhara R-A,Block E,3,3,1505.0,13500000.0
"A Newly-built 1480 Sq Ft Flat Is For Rent In Bashundhara R-a, Block E", Bashundhara R-A,Block E,3,3,650.0,3100000.0
Ready To Rent | Well-maintained 1450 Sq ft Apartment In Aftab Nagar, Aftab Nagar,Block E,3,3,1397.0,8000000.0
Modern 1250 Sq Ft Apartment Available For Rent In Uttar Badda, Badda,Uttar Badda,3,3,1300.0,8000000.0
"Visit This 1700 Sq Ft Apartment For Rent In Banasree, Block C", Banasree,Block C,3,3,1320.0,9130000.0
"Live A Lavish Life In This 2100 Square Feet Flat For Rent In Bashundhara R-a, Block D", Bashundhara R-A,Block D,3,3,1000.0,7700000.0
"2100 Square Feet Flat Of Great Quality Is Up For Rent In Bashundhara R-a, Block D", Bashundhara R-A,Block D,3,3,650.0,2100000.0
Standard 1330 Sq Ft Residential Apartment For Rent In Aftab Nagar, Aftab Nagar,Block E,3,3,650.0,2000000.0
"At Paltan, flat for Rent close to Paltan Tower", Motijheel,Purana Paltan,3,3,1000.0,4000000.0
4500 Sq Ft Beautiful Flat Is Available For Rent In Gulshan 2 Near To Six Seasons, Gulshan,Gulshan 2,4,4,1425.0,8537500.0
Visit This 1300 Sq Ft Residence Is Vacant For Rent In Bangshal, Bangshal,Agamasi Lane,3,4,1425.0,8537500.0
Noticeable 1500 Sq Ft Flat Available For Rent In Bashundhara, Bashundhara R-A,Block G,3,3,1276.0,4000000.0
1350 Sq Ft Apartment For Rent In Aftab Nagar, Aftab Nagar,Block E,3,3,1500.0,9500000.0
"Meet With A Fascinating 950 Sq Ft Ready Flat For Rent In Block J, Banasree", Banasree,Block J,3,2,800.0,3700000.0
Reside In This 1750 Sq Ft Flat For Rent In Uttara-10, Uttara,Sector 10,3,3,1100.0,9500000.0
1800 SFT Modern Apartment For Rent At Uttara 12, Uttara,Sector 12,3,4,1175.0,6500000.0
"1400 Sq Ft Apartment For Rent In Banasree, Block G", Banasree,Block G,3,3,1300.0,8190000.0
"We Offer You A 700 Sq Ft Well Featured Flat Which Is Up For Rent, In Konapara", Demra,Konapara,2,2,1200.0,7500000.0
In The Location Of Banasree An Apartment Is For Rent Near Goni Bag Jame Mosjid, Banasree,Block G,3,3,1155.0,7430000.0
A Reasonable 2000 Sq. Ft And 3 Bedroom Apartment For Rent In Bashundhara R-a Near Apo..., Bashundhara R-A,Block A,3,4,1335.0,10000000.0
"Dwell In This 1400 Sq Ft Apartment Ready For Rent In Aftab Nagar, Block A", Aftab Nagar,Block A,3,3,1350.0,9450000.0
Spacious 2200 Sq Ft Residential Apartment For Rent In Uttara 11, Uttara,Sector 11,4,4,815.0,4200000.0
Take Rent This 1200 Sq Ft Nice Flat For Living A Pleasant Life In North Shahjahanpur, Shahjahanpur,North Shahjahanpur,3,3,1250.0,11500000.0
"Focus On Renting A Home For Your Family Like This 1500 Sq Ft Apartment In Block B, Ba...", Banasree,Block B,4,3,1100.0,5500000.0
A Very Nice 1050 Sq Ft Flat Is Now Available For Rent Nearby Pc Culture Housing Socie..., Mohammadpur,PC Culture Housing,3,2,1400.0,10500000.0
1250 Sq Ft Apartment For Rent In Paikpara With All Facilities, Mirpur,Ahmed Nagar,3,3,700.0,2500000.0
"We Bring You A Beautiful And Distinct Flat Of 1350 Sq Ft For Rent In Sector 7, Uttara", Uttara,Sector 7,3,2,1245.0,4500000.0
Remarkable Semi Furnished Flat Of 5000 Sq Ft Is Up For Rent In Gulshan 2, Gulshan,Gulshan 2,4,4,850.0,5100000.0
5000 Sq Ft Apartment With 4 Bedrooms Is Set For Rent In Gulshan 2, Gulshan,Gulshan 2,4,4,1451.0,7500000.0
3500 Square Feet Apartment With 4 Bedrooms For Rent In Gulshan 1, Gulshan,Gulshan 1,4,4,780.0,3120000.0
This 1450 Square Feet Flat Assures To Provide You With Better Homely Affairs At Block..., Bashundhara R-A,Block G,3,3,650.0,3000000.0
"A nice residential flat of 750 SQ FT, for rent, can be found in Abdul Hadi Lane",,Bangshal,2,2,1250.0,4500000.0
"Now You Can Afford To Dwell Well, Check This 3 Bedroom Apartment At Block K, Pallabi ...", Mirpur,Pallabi,3,2,1260.0,5796000.0
Offering you well constructed 700 SQ FT nice apartment to Rent in Mohammadpur, Mohammadpur,Humayun Road,2,2,1400.0,7000000.0
"Checkout This 1250 Sq Ft Flat For Rent In Bashundhara R-a, Block J", Bashundhara R-A,Block J,3,3,1070.0,3800000.0
"Deal With This 1250 Sq Ft Flat For Rent In Bashundhara R-a, Block J", Bashundhara R-A,Block J,3,3,650.0,2300000.0
1240 Sq Ft Nicely-planned Apartment Is Available For Rent In Middle Badda, Badda,Middle Badda,3,3,1250.0,9000000.0
Comfy Residence Is For Rent In Bangshal With Satisfactory Price.,,Bangshal,2,1,900.0,4000000.0
Vast 3500 Sq Ft Flat Available For Rent In Bashundhara R-A, Bashundhara R-A,Block C,4,4,1460.0,11000000.0
Explore This 1250 Sq Ft Apartment For Rent In Malibagh, Malibagh,Malibagh Chowdhury Para,3,3,909.0,4500000.0
"3500 Sq Ft Flat With 4 Bedrooms Is Available For Rent In Bashundhara R-a, Block C", Bashundhara R-A,Block C,4,4,938.0,4000000.0
"Visit This 1200 Square Feet Residential Flat For Rent In Uttar Badda, Progati Sarani", Badda,Uttar Badda,3,3,850.0,3500000.0
"This 1755 Sq Ft Flat Is Up For Rent Within Your Affordability, Is Located At Block E,...", Aftab Nagar,Block E,3,3,1085.0,6000000.0
"Deal With This 1200 Sq Ft Apartment Ready For Rent In Mirpur, Ahmed Nagar, Paikpara", Mirpur,Ahmed Nagar,3,3,1000.0,6500000.0
"Start Residing In This 2750 Sq Ft, Properly Developed Apartment For Rent, In Baridhar...", Baridhara,Block K,3,3,1850.0,14800000.0
Lovely 1200 Sq Ft Home Is Available To Rent In Uttara, Uttara,Sector 3,2,2,800.0,4000000.0
Ready 1700 SQ FT apartment is now to Rent in South Kallyanpur, Mirpur,Kallyanpur,3,3,1375.0,12000000.0
A 2045 Sq. Ft Apartment Which Is Up For Rent At Bashundhara R-a Near To Chapra Masjid, Bashundhara R-A,Block H,3,4,1200.0,7000000.0
"An Appropriate 1400 Sq Ft Residence Is Prepared To Be Rented At Ring Road, Shyamoli", Shyamoli,Ring Road,3,4,1150.0,6000000.0
2200 Sq Ft Apartment Is Ready For Rent In Banasree, Banasree,South Banasree Project,4,3,1120.0,6000000.0
2250 Sq Ft Properly Developed Flat For Rent In Bashundhara R-a-block J, Bashundhara R-A,Block J,4,4,1240.0,9000000.0
Don’t Waste Your Valuable Time! You Can Take This 1250 Sq Ft Apartment For Rent In Ba..., Bashundhara R-A,Block K,3,3,2450.0,31000000.0
Spaciously Designed And Strongly Structured This 1880 Sq.ft Apartment Is Now Vacant F..., Mohammadpur,Shahjahan Road,3,4,1610.0,23000000.0
"You Will Feel Joyous By Living In This 1300 Sq Ft Flat For Rent In Bashundhara R-a, B...", Bashundhara R-A,Block J,3,3,2700.0,27000000.0
This 1450 Square Feet Flat Assures To Provide You With Better Homely Affairs At Block..., Bashundhara R-A,Block G,3,3,1634.0,9800000.0
Comfortability All Around In This 1500 Sq.Ft Uttara-9 Flat Which Is Up For Rent., Uttara,Sector 9,3,4,1800.0,16000000.0
"An Apartment Is Ready For Rent At Banasree , Near National Ideal School Bhaban-3", Banasree,Block A,3,2,1200.0,11500000.0
Commodious 1900 Sq Ft Residential Apartment For Rent In Cantonment, Cantonment,Road No 2A,3,4,1250.0,6500000.0
"1100 Sq Ft Great Apartment Is Ready To Rent In Mirpur DOHS, Avenue 8", Mirpur,Mirpur DOHS,2,3,1850.0,17500000.0
Economical 1650 Square Feet Flat For Rent In Mirpur, Mirpur,Section 11,3,3,1400.0,7000000.0
Affordable And Cozy 3 Bedroom Flat Is Up For Rent Very Near To Uttara Central Mosque., Uttara,Sector 4,3,4,785.0,8250000.0
Your New Home Is Waiting For You In This Lovely Apartment Of 1500 Sq Ft Is Ready For ..., Bashundhara R-A,Block B,3,4,2000.0,17000000.0
"At Sohrawardy Avenue, Flat For Rent Close To Baridhara Jame Masjid", Baridhara,Block K,4,4,1300.0,10500000.0
See This Flat For Rent In Gulshan Near American Standard International School, Gulshan,Gulshan 2,3,3,1450.0,8600000.0
Check This Apartment Up For Rent At West Shewrapara Near East West International Scho..., Mirpur,West Shewrapara,2,2,1553.0,9200000.0
"An Apartment Is Ready For Rent At Nikunja 2, Near Residential Laboratory College", Nikunja,Nikunja 2,3,3,800.0,5300000.0
2700 Sq Ft Full Furnished Flat For Rent In Dhanmondi, Dhanmondi,Road No 8A,3,3,1480.0,10000000.0
1100 Sq Ft Flat With 3 Bedrooms Is Up For Rent In Mohammadpur, Mohammadpur,Mohammadi Housing LTD.,3,3,1930.0,17000000.0
"1500 Square Feet Apartment Is For Rent In Kalabagan, Dolphin Goli Road", Kalabagan,Dolphin Goli Road,3,3,1460.0,9000000.0
Reasonable 1375 Sq Ft Residential Apartment For Rent In Kallyanpur, Mirpur,Kallyanpur,3,3,1554.0,11500000.0
Live In This 1250 Sq Ft Apartment Ready To Rent In Mirpur-12, Mirpur,Section 12,3,3,800.0,4445000.0
1700 Square Feet Apartment For Rent In Mirpur, Mirpur,Pirerbag,3,4,1970.0,21000000.0
"1500 Square Feet Apartment Is For Rent In The Nice Area Of Shyamoli, Mirpur Road", Shyamoli,Mirpur Road,3,3,1850.0,16000000.0
"Meet With A Fascinating 1100 Sq Ft Ready Flat For Rent In Nobodoy Housing Society, Mo...", Mohammadpur,Nobodoy Housing Society,3,3,1517.0,11000000.0
Spacious Layout | Well Maintained | Full furnished | Ready To Move In, Gulshan,Gulshan 2,4,3,1120.0,7500000.0
"This 1495 Sq Ft Flat Is Up For Rent Within Your Affordability, Is Located At Block F,...", Banasree,Block F,4,3,2142.0,20500000.0
We Are Ready To Provide You With A 1200 Sq Ft Flat To Rent In Badda, Badda,Shahjadpur,3,3,1425.0,8500000.0
Besides Bashundhara Boro Masjid A 2318 Square Feet Residential Apartment Is Up For Re..., Bashundhara R-A,Block D,3,4,2390.0,33500000.0
A Contemporary Cozy Full Furnished Flat Of 2400 Sq Ft Is Up For Rent Is Situated At G..., Gulshan,Gulshan 2,3,4,1600.0,10400000.0
1100 Square Feet Flat Is For Rent In Uttara-14, Uttara,Sector 14,3,2,1695.0,16500000.0
"Pursue This 1400 Sq Ft Flat Up For Rent In Mohammadpur, Mohammadi Housing Ltd.", Mohammadpur,Mohammadi Housing LTD.,3,2,945.0,6500000.0
Reside In This 1400 Sq Ft Flat Ready For Rent In Mohammadpur, Mohammadpur,Mohammadi Housing LTD.,3,2,1250.0,8500000.0
"1000 Square Feet Apartment Is For Rent In Mirpur, West Shewrapara", Mirpur,West Shewrapara,2,2,1280.0,7000000.0
Impressive Apartment Of 2600 Sq Ft Is Up For Rent In Gulshan 1, Gulshan,Gulshan 1,3,4,840.0,4800000.0
Dwell In This 1255 Sq Ft Apartment Ready For Rent In Mirpur-1, Mirpur,Section 1,3,3,2250.0,21500000.0
Great News! This 2200 Sq Ft Home For Rent In Bashundhara R-a Which Can Be Your Next D..., Bashundhara R-A,Block J,3,3,950.0,5000000.0
Appealing Property In Mirpur 1st Colony – 1200 Sq Ft Flat For Rent, Mirpur,1st Colony,3,3,1913.0,19700000.0
In Shah Ali Bag This Apartment Is Up For Rent Which Is 1300 Sq Ft, Mirpur,Section 1,3,3,1650.0,14500000.0
We Are Offering A Reasonably Priced Flat For Rent Which Is Featuring 1520 Sq Ft Space..., Agargaon,West Agargaon,3,3,1000.0,7300000.0
This Beautiful Flat Of 1530 Sq Ft Is Greatly Affordable And Will Come Within Your Bud..., Agargaon,West Agargaon,3,3,1290.0,6500000.0
"1300 Square Feet Apartment For Rent In Adabor, Mansurabad Housing Society", Adabor,Mansurabad Housing Society,3,3,1180.0,7000000.0
Beautiful 1550 Sq Ft Flat Is Ready For Rent At Uttara Nearby South Breeze School, Uttara,Sector 11,3,3,1235.0,11800000.0
Ready To Rent | Well-maintained 2200 Sq ft Apartment In Banasree, Banasree,South Banasree Project,4,3,1400.0,11500000.0
A Spacious 2600 Sq Ft Apartment For Rent In Uttara-12, Uttara,Sector 12,3,4,1250.0,5600000.0
Modest 1442 Square feet Apartment For Rent in Adabor, Adabor,Baitul Aman Housing Society,3,3,1350.0,6500000.0
1200 Square Feet Great Apartment For Rent In Baitul Aman Housing Society, Adabor,Baitul Aman Housing Society,3,2,1250.0,8500000.0
1400 Sq Ft Apartment Is Ready For Rent In Aftab Nagar, Aftab Nagar,Block D,3,4,2200.0,18500000.0
A Great Home Of 1300 Sq Ft Is Up For Rent In Aftab Nagar, Aftab Nagar,Block E,3,3,1560.0,14000000.0
"1000 Sq Ft Convenient Apartment Is Ready For Rent In Mirpur, Kallyanpur", Mirpur,Kallyanpur,3,2,680.0,4000000.0
Check This Apartment Up For Rent At Gulshan 2 Near Gulshan Wasa Tank., Gulshan,Gulshan 2,4,4,1225.0,8000000.0
"2550 Sq Ft Spacious Apartment For Rent In Baridhara, Block K", Baridhara,Block K,4,5,1300.0,7400000.0
"A Beautiful Ready Flat With 3 Bedrooms Is Available For Rent At PC Culture Housing, M...", Mohammadpur,PC Culture Housing,3,3,1245.0,7100000.0
"2900 Sq.ft Spacious Apartment Is Up For Rent In Block K, Baridhara", Baridhara,Block K,3,3,1720.0,14000000.0
Flat for rent in Taltola near BRAC Bank Limited | ATM Booth,,Agargaon,3,3,1245.0,7300000.0
A 1780 Sq Ft Apartment Is Available For Rent At Uttara Nearby Singapore International..., Uttara,Sector 9,3,4,1000.0,4500000.0
3500 Sq Ft Apartment For Rent At Gulshan 1, Gulshan,Gulshan 1,4,4,1350.0,6500000.0
2500 Sq Ft Furnished Apartment For Rent At Gulshan 1, Gulshan,Gulshan 1,4,4,1060.0,6900000.0
Offering You An Excellent 1800 Sq Ft Flat For Rent In Gulshan 1, Gulshan,Gulshan 1,3,3,1750.0,12000000.0
Consider moving into this apartment of 1700 SQ FT in Baridhara for rent, Baridhara,Block K,4,3,1605.0,13500000.0
1600 Sq Ft Flat With 3 Bedrooms Is Ready For Rent In Aftab Nagar, Aftab Nagar,Block B,3,3,1160.0,6880000.0
Secure Your Dream Flat Of 1250 Sq Ft In Bashundhara R-A Today!, Bashundhara R-A,Block J,3,3,1000.0,6000000.0
Offering You Nice 1400 Sq Ft Apartment To Rent In Banasree, Banasree,Block E,3,3,1150.0,6700000.0
Modest 1456 Square Feet Apartment For Rent In Adabor, Adabor,Baitul Aman Housing Society,3,3,1650.0,12500000.0
"Modest 1450 Square Feet Apartment For Rent In Mohammadpur, Pc Culture Housing", Mohammadpur,PC Culture Housing,3,3,1722.0,14000000.0
Ready To Rent | Well-maintained 1463 Sq Ft Apartment In Shyamoli, Shyamoli,Mohonpur Road,3,4,1375.0,8400000.0
"1400 Square Feet Apartment For Rent In Adabor, Baitul Aman Housing Society", Adabor,Baitul Aman Housing Society,3,3,1450.0,12000000.0
"At Kallyanpur, A Suitable Flat Is Up For Rent Which Is 1250 Sq Ft", Mirpur,Kallyanpur,3,3,1115.0,6700000.0
4220 Sq Ft Semi Furnished Apartment At Gulshan Nearby Pharmacy Plus Is Up For Rent, Gulshan,Gulshan 2,3,4,1180.0,6600000.0
Notable 2430 Square Feet Residential Apartment For Rent In Banani, Banani,Road No 12,3,3,1600.0,7500000.0
A Great Residence For Renting Purposes With A Space Of 1850 Sq Ft Is Available In Bas..., Bashundhara R-A,Block L,3,4,1518.0,12400000.0
"Pursue This 1350 Square Feet Apartment For Rent In Mirpur, Pirerbag", Mirpur,Pirerbag,3,3,1250.0,8000000.0
"Modest 1450 Square Feet Apartment For Rent In Mohammadpur, Pc Culture Housing", Mohammadpur,PC Culture Housing,3,3,1250.0,5600000.0
"1400 Square Feet Apartment For Rent In Adabor, Baitul Aman Housing Society", Adabor,Baitul Aman Housing Society,3,3,1290.0,7700000.0
Ready To Rent | Well-maintained 1463 Sq Ft Apartment In Shyamoli, Shyamoli,Mohonpur Road,3,4,1290.0,7795000.0
1200 Square Feet Great Apartment For Rent In Baitul Aman Housing Society, Adabor,Baitul Aman Housing Society,3,2,1450.0,8000000.0
In The Location Of Darussalam An Apartment Of 1390 Sq.Ft Is For rent., Mirpur,Darussalam,3,3,950.0,5000000.0
1400 Sq Ft Apartment Is Ready For Rent In Aftab Nagar, Aftab Nagar,Block D,3,4,1314.0,7800000.0
A Great Home Of 1300 Sq Ft Is Up For Rent In Aftab Nagar, Aftab Nagar,Block E,3,3,1250.0,8500000.0
A 1870 Square Feet Residential Flat For Rent At Bashundhara R-a - Block G, Bashundhara R-A,Block G,3,3,1920.0,10500000.0
"View This 4000 Sq Ft Apartment For Rent In Baridhara, Block K", Baridhara,Block K,4,4,1250.0,7500000.0
"1200 Square Feet Apartment For Rent In Adabor, Baitul Aman Housing Society", Adabor,Baitul Aman Housing Society,3,3,1550.0,9500000.0
For Rental Purpose 1887 Sq Ft Flat Is Now Up For Rent In Bashundhara R/a Close To Mez..., Bashundhara R-A,Block A,3,4,1800.0,18000000.0
Grab This 3500 Sq Ft Apartment Ready For Rent In Banani Dohs, Banani DOHS,Road No 4,3,4,1530.0,11500000.0
"Choose your destination, 4000 SQ FT flat which is available for Rent in Gulshan near ...", Gulshan,Gulshan 2,3,4,2600.0,13500000.0
This 1200 Sq Ft Flat For Rent Is Located In Bashundhara R-A, Bashundhara R-A,Block K,3,3,1450.0,14500000.0
Extravagant 3800 Sq Ft Ready Apartment For Rent In Baridhara, Baridhara,Block K,4,5,1400.0,7500000.0
Notable 2430 Square Feet Residential Apartment For Rent In Banani, Banani,Road No 12,3,3,1150.0,7000000.0
"A Beautiful Ready Flat With 3 Bedrooms Is Available For Rent At PC Culture Housing, M...", Mohammadpur,PC Culture Housing,3,3,1250.0,8000000.0
A well-constructed 1450 SQ FT flat is ready to Rent in New Market, New Market,Elephant Road,3,3,1150.0,8200000.0
Ready For A Spectacular Residential Property To Rent? This One&#039;s Located In Bash..., Bashundhara R-A,Block F,3,3,1180.0,6500000.0
Reach The Zenith Of Lifestyles By Picking This 3 Bedroom Residence For Rent In Uttara..., Uttara,Sector 7,3,3,1450.0,7000000.0
1050 Sq Ft Flat Is Up For Rent In Mohammadpur Near To Winsome School &amp; College, Mohammadpur,Nobodoy Housing Society,3,3,1700.0,6500000.0
"Make This 1500 Sq Ft Flat Your Next Residing Location, Which Is Up To Rent In Bashund...", Bashundhara R-A,Block G,3,3,1553.0,11000000.0
1800 Sq Ft Full Furnished Flat For Rent In Bashundhara Near Daily Shopping, Bashundhara R-A,Block G,3,4,1585.0,14000000.0
Ready To Rent | Well-maintained 2200 Sq ft Apartment In Banasree, Banasree,South Banasree Project,4,3,1505.0,11500000.0
1250 Sq Ft Apartment For Rent In Mirpur With All Facilities, Mirpur,Paikpara,3,3,1439.0,13000000.0
A Spacious 2600 Sq Ft Apartment For Rent In Uttara-12, Uttara,Sector 12,3,4,930.0,5800000.0
Obtain Your New Residence At This 2000 Sq Ft Apartment Up For Rent At Gulshan 1 Nearb..., Gulshan,Gulshan 1,3,3,1536.0,12500000.0
This 3200 Sq Ft Flat For Rent In Baridhara-10, Baridhara,Block K,3,4,1502.0,9000000.0
"Sophisticated 3900 Sq Ft Flat Is Available For Rent In Block K, Baridhara", Baridhara,Block K,4,5,950.0,5200000.0
"3000 Sq Ft Spacious Flat For Rent In Baridhara, Block K", Baridhara,Block K,4,4,1020.0,6000000.0
Great News! This 2200 Sq Ft Home For Rent In Bashundhara R-a Which Can Be Your Next D..., Bashundhara R-A,Block J,3,3,950.0,4275000.0
In Shah Ali Bag This Apartment Is Up For Rent Which Is 1300 Sq Ft, Mirpur,Section 1,3,3,1800.0,16000000.0
1315 Sq Ft Apartment Is Ready To Rent At Shyamoli, Shyamoli,Road No 2,3,3,1055.0,5300000.0
Explore A Ready 1250 Sq Ft Apartment For Rent In Bashundhara R-A Today!, Bashundhara R-A,Block J,3,3,1050.0,3360000.0
1250 Sq Ft Apartment For Rent In Mirpur With All Facilities, Mirpur,Paikpara,3,3,750.0,3500000.0
"Pursue This 1350 Square Feet Apartment For Rent In Mirpur, Pirerbag", Mirpur,Pirerbag,3,3,935.0,6610000.0
"View This 4000 Sq Ft Apartment For Rent In Baridhara, Block K", Baridhara,Block K,4,4,1000.0,3800000.0
For Rental Purpose 1887 Sq Ft Flat Is Now Up For Rent In Bashundhara R/a Close To Mez..., Bashundhara R-A,Block A,3,4,800.0,4000000.0
A Nicely Planned Flat Is Up For Rent In Bashundhara Nearby Apollo Hospital, Bashundhara R-A,Block A,3,4,1616.0,7272000.0
Grab This 3500 Sq Ft Apartment Ready For Rent In Banani Dohs, Banani DOHS,Road No 4,3,4,1000.0,7000000.0
"A Nice Residential Full Furnished Flat For Rent Can Be Found In Gulshan 1, Nearby Al ...", Gulshan,Gulshan 1,2,2,1160.0,4408000.0
Extravagant 3800 Sq Ft Ready Apartment For Rent In Baridhara, Baridhara,Block K,4,5,1700.0,15000000.0
A 1660 Square Feet Ready Flat For Rent Nearby Popular Medical College In Dhanmondi, Dhanmondi,Road No 2,3,3,1851.0,13882500.0
1200 Square Feet Apartment Is For Rent In Adabor, Adabor,Baitul Aman Housing Society,3,3,820.0,3700000.0
2200 Sq Ft Vacant Flat For Rent In Uttara-12, Uttara,Sector 12,3,6,1500.0,12200000.0
An Apartment Is Up For Rent At Uttara Nearby Uttara University., Uttara,Sector 6,3,3,1550.0,15000000.0
Apartment For Rent In Mohammadpur Near Mohammadpur Shia Masjid, Mohammadpur,Bosila,3,3,1500.0,12500000.0
2200 Sq Ft Wonderful Flat Is Now Up For Rent In Baridhara Block K., Baridhara,Block K,3,3,1400.0,10500000.0
Dwell In This 1255 Sq Ft Apartment Ready For Rent In Mirpur-1, Mirpur,Section 1,3,3,1250.0,9000000.0
"Take This Nice 1216 Sq Ft Rental Flat In Kallyanpur, To Fulfill Your Wish", Mirpur,Kallyanpur,3,3,1300.0,15000000.0
1400 SQ FT nice and fine flat is now for rent in Aftab Nagar, Aftab Nagar,Block E,3,3,1250.0,8000000.0
An Apartment Of 2145 Sq Ft Is Ready For Rent At Uttara-7, Uttara,Sector 7,2,3,1550.0,13000000.0
4400 Sq Ft Residential Flat With 4 Bedrooms Is Up For Rent In Baridhara, Baridhara,Block K,4,4,1760.0,18480000.0
"A 1240 Sq Ft Apartment For Rent In Aftab Nagar, Near East West University", Aftab Nagar,Block E,3,3,1025.0,7500000.0
Obtain Your New Residence At This 2000 Sq Ft Apartment Up For Rent At Gulshan 1 Nearb..., Gulshan,Gulshan 1,3,3,1000.0,6500000.0
Plan to move in this 3305 SQ FT flat which is up to Rent in Baridhara near to America..., Baridhara,Block K,4,4,700.0,2000000.0
1500 Sq Ft Nice Flat For Rent In Paribagh, Paribagh,Poribagh Road Number 2,3,3,1250.0,7000000.0
A Nice Residential Flat For Rent Can Be Found In Baridhara Nearby High Commission Of ..., Baridhara,Block K,4,5,1250.0,7000000.0
"In A Clam Location Of Japan Garden City, A Residential Place Is For Rent.", Mohammadpur,Japan Garden City,3,3,1750.0,8500000.0
We Are Offering You A 3000 Sq Ft Ready Flat For Rent In Baridhara, Baridhara,Block K,4,4,1050.0,8200000.0
Superb 1250 SQ FT flat is available to Rent in Bashundhara R-A, Bashundhara R-A,Block K,3,3,2950.0,32000000.0
Shift In This 6300 Sq Ft Apartment Of Abundant Floor Space For Rent In Baridhara, Baridhara,Block K,4,5,625.0,3400000.0
An Attractive Apartment Is Available For Rent Covering An Area Of 3000 Sq Ft In Gulsh..., Gulshan,Gulshan 2,4,4,1600.0,16000000.0
An Apartment Of 4500 Sq Ft Is Up For Rent At Baridhara, Baridhara,Block K,3,4,1600.0,16000000.0
A 3500 Sq Ft Apartment Is Waiting For Rent At Baridhara Nearby High Commission Of Mal..., Baridhara,Block K,4,4,1650.0,11700000.0
"This 1050 Sq Ft Flat Is Up For Rent Within Your Affordability, Is Located At Mohammad...", Mohammadpur,Mohammadi Housing LTD.,3,2,1400.0,9500000.0
A Relaxing 1250 Sq Ft Residential Property Is Up For Rent At Mohammadia Housing Socie..., Mohammadpur,Mohammadia Housing Society,3,3,1300.0,10000000.0
Reasonably Priced A Residential Flat Of 1550 Sq Ft Is Ready For Track Down In Nikunja..., Nikunja,Nikunja 2,3,3,1400.0,9500000.0
"An Apartment Is Ready For Rent At Nikunja 2, Near Residential Laboratory College", Nikunja,Nikunja 2,3,3,1150.0,7000000.0
"At Sohrawardy Avenue, Flat For Rent Close To Baridhara Jame Masjid", Baridhara,Block K,4,4,250.0,3400000.0
Check This Apartment Up For Rent At West Shewrapara Near East West International Scho..., Mirpur,West Shewrapara,2,2,1320.0,6100000.0
"Flat Can Be Found In Gulshan 1 For Rent, Near Sea Breeze International School", Gulshan,Gulshan 1,3,4,1700.0,9850000.0
2700 Sq Ft Full Furnished Flat For Rent In Dhanmondi, Dhanmondi,Road No 8A,3,3,950.0,5200000.0
1100 Sq Ft Flat With 3 Bedrooms Is Up For Rent In Mohammadpur, Mohammadpur,Mohammadi Housing LTD.,3,3,2380.0,21500000.0
Reside In This 1400 Sq Ft Flat Ready For Rent In Mohammadpur, Mohammadpur,Mohammadi Housing LTD.,3,2,1425.0,9000000.0
"Pursue This 1400 Sq Ft Flat Up For Rent In Mohammadpur, Mohammadi Housing Ltd.", Mohammadpur,Mohammadi Housing LTD.,3,2,1400.0,11500000.0
Pleasant 1400 Sq Ft Flat For Rent In Mohammadpur, Mohammadpur,Mohammadi Housing LTD.,3,2,625.0,2500000.0
Standard 1250 Square Feet Apartment For Rent In Adabor, Adabor,Baitul Aman Housing Society,3,3,1275.0,7000000.0
Reasonable 1375 Sq Ft Residential Apartment For Rent In Kallyanpur, Mirpur,Kallyanpur,3,3,1384.0,9000000.0
View This 1250 Sq Ft Apartment For Rent In Mirpur-12, Mirpur,Section 12,3,3,1245.0,6800000.0
Live In This 1250 Sq Ft Apartment Ready To Rent In Mirpur-12, Mirpur,Section 12,3,3,800.0,3800000.0
Select Your Next Residing Place At This Nice Flat Of 1350 Sq Ft Which Is Up For Rent ..., Banasree,Block E,3,3,1100.0,4700000.0
"1500 Square Feet Apartment Is For Rent In The Nice Area Of Shyamoli, Mirpur Road", Shyamoli,Mirpur Road,3,3,1050.0,4700000.0
"We Are Offering You A Spacious 3900 Sq Ft Flat For Rent In Block K, Baridhara", Baridhara,Block K,4,4,1166.0,5800000.0
West Agargaon Is Offering You A 1520 Sq Ft Flat For Rent, Agargaon,West Agargaon,3,3,900.0,4100000.0
Reside In This 1500 Sq Ft Rental Property In The Location Of North Adabor, Adabor,North Adabor,3,3,950.0,4000000.0
"Make This 1500 Sq Ft Flat Your Next Residing Location, Which Is Up To Rent In Bashund...", Bashundhara R-A,Block G,3,3,1250.0,7600000.0
Take This 1575 Sq Ft Flat Up For Rent In Mirpur-15, Mirpur,Section 15,3,3,2300.0,22000000.0
1500 Sq Ft Flat Is Now Vacant To Rent In Uttara, Uttara,Sector 12,3,3,4350.0,57000000.0
In The Location Of Darussalam An Apartment Of 1390 Sq.Ft Is For rent., Mirpur,Darussalam,3,3,1175.0,8200000.0
"Live A Cheerful Life In This 2000 Sq Ft Flat To Rent In Baridhara, Block J", Baridhara,Block J,3,4,1537.0,14500000.0
Great Location! Check Out This 3700 Sq Ft Semi Furnished Flat For Rent In Gulshan 1, Gulshan,Gulshan 1,3,4,2250.0,21800000.0
"Deal With This 3000 Sq Ft Splendid Flat For Rent In Baridhara, K Block", Baridhara,Block K,4,4,950.0,4300000.0
"Meet With A Fascinating 1100 Sq Ft Ready Flat For Rent In Nobodoy Housing Society, Mo...", Mohammadpur,Nobodoy Housing Society,3,3,800.0,4200000.0
"1380 Sq Ft Apartment With 3 Bedrooms Is Ready For Rent In Mirpur, Ahmed Nagar", Mirpur,Ahmed Nagar,3,3,1070.0,9630000.0
"Grab This 1150 Square Feet Apartment For Rent In Mohammadpur, Japan Garden City", Mohammadpur,Japan Garden City,3,2,750.0,4200000.0
1200 Square Feet Apartment With 2 Bedrooms Is Ready For Rent In Uttara-7, Uttara,Sector 7,2,2,1460.0,9000000.0
"Affordable And Wonderful Residential Apartment Up For Rent In Mirpur, Kallyanpur.", Mirpur,Kallyanpur,3,3,2390.0,33500000.0
Besides Bashundhara Boro Masjid A 2318 Square Feet Residential Apartment Is Up For Re..., Bashundhara R-A,Block D,3,4,887.0,3000000.0
See This Apartment Is Up For Rent In Mohammadpur Near Milestone School &amp; College., Mohammadpur,Mohammadia Housing Society,3,3,1240.0,8700000.0
"Sophisticated Style! This 3 Bedroom Apartment For Rent In Baridhara, Park Road Is All...", Baridhara,Block K,3,4,1180.0,6500000.0
This 1200 Sq Ft Flat For Rent Is Located In Bashundhara R-A, Bashundhara R-A,Block K,3,3,2785.0,44000000.0
Amazing Flat Including 4 Bedroom Are Up For Rent In Gulshan 2, Gulshan,Gulshan 2,4,4,1550.0,14500000.0
Start Living In This Gorgeous Flat Of 3850 Sq Ft Located At Gulshan 2 Unoccupied For ..., Gulshan,Gulshan 2,4,4,730.0,5000000.0
We Are Offering You A Very Spacious 3850 Sq Ft Flat For Rent In Gulshan 2, Gulshan,Gulshan 2,4,4,1020.0,5500000.0
A Modern Well-planned Flat Of 3850 Sq Ft Is Up For Rent Is Situated In Gulshan 2, Gulshan,Gulshan 2,4,4,2025.0,23000000.0
In An Urban Location This 4 Bedroom Home Is Vacant For Rent In West Shewrapara Close ..., Mirpur,West Shewrapara,4,3,1650.0,13500000.0
"Fairly Large Apartment Of 1250 Sq Ft Is Ready For Rent In Mohammadi Housing Ltd, Moha...", Mohammadpur,Mohammadi Housing LTD.,3,2,1281.0,7800000.0
Luxury All Around In This 3343 Sq.Ft Gulshan 1 Flat Which Is Near To Singapore School..., Gulshan,Gulshan 1,3,4,986.0,6200000.0
Reside In This Amazing 5400 Sq Ft Ready Flat For Rent In Gulshan 2, Gulshan,Gulshan 2,5,5,1400.0,7800000.0
"Reside In This 1480 Sq Ft Flat For Rent In Bashundhara R-a, Block E", Bashundhara R-A,Block E,3,3,2120.0,33000000.0
Offering You An Excellent 1800 Sq Ft Flat For Rent In Gulshan 1, Gulshan,Gulshan 1,3,3,1350.0,6500000.0
Excellent Flat Of 3000 Sq Ft Is All Set For Rent In The Fine Location Of Gulshan 1, Gulshan,Gulshan 1,4,4,1350.0,9500000.0
A Well Designed 3000 Sq Ft Apartment Is Waiting For Rent At Gulshan 1 Nearby Club Not..., Gulshan,Gulshan 1,4,4,1650.0,12500000.0
3600 Sq Ft Ready Semi Furnished Apartment For Rent In Gulshan 2, Gulshan,Gulshan 2,4,4,1220.0,5000000.0
Here Is A Well Defined Flat Of 2100 Sq Ft Waiting For Rent At Gulshan 2, Gulshan,Gulshan 2,3,3,1550.0,12500000.0
"1250 Sq Ft Apartment Is Ready For Rent In Aftab Nagar, Block A, Main Road", Aftab Nagar,Block A,3,3,1550.0,12500000.0
"In The Location Of Shantibag, 3-Bedroom Apartment Is Up To Rent", Malibagh,Shantibag,3,3,1200.0,8700000.0
Standard 1200 Sq Ft Apartment Is Ready For Rent In West Rampura, Rampura,West Rampura,3,3,1200.0,8700000.0
1170 Sq Ft Apartment With 3 Bedrooms Is Ready For Rent In West Rampura, Rampura,West Rampura,3,3,700.0,4700000.0
"Pursue This 1150 Sq Ft Flat For Rent In Dakshin Khan, Shah Kabir Mazar Road", Dakshin Khan,Shah Kabir Mazar Road,3,3,1080.0,5560000.0
"1500 Sq Ft Flat Is Available For Rent In Bashundhara R-a, Block G", Bashundhara R-A,Block G,3,3,2787.0,29000000.0
Reside In This 2600 Sq Ft Full Furnished Apartment For Rent In Baridhara, Baridhara,Block K,3,3,1500.0,16000000.0
View This 1000 Sq Ft Apartment Ready For Rent In West Rampura, Rampura,West Rampura,2,2,1320.0,9300000.0
Noticeable 1700 Sq Ft Ready Apartment For Rent In Maghbazar, Maghbazar,Outer Circular Road,3,3,1587.0,15900000.0
1800 Sq Ft Modest Apartment For Rent In Mirpur 1, Mirpur,Section 1,4,4,800.0,5300000.0
